script,mode,pair,side,checksum,wall_ms,instructions,cycles
relink-early,prod,1,before,3068983632,1009,17867975161,3529965079
relink-early,prod,1,after,3068983632,249,4892258860,1161443786
relink-early,prod,2,after,3068983632,244,4852245557,1123697451
relink-early,prod,2,before,3068983632,1014,17869802415,3516135820
relink-early,prod,3,before,3068983632,1013,17869538273,3539338110
relink-early,prod,3,after,3068983632,242,4851862900,1120835304
relink-early,jitless,1,before,3068983632,1043,18781842632,3641740084
relink-early,jitless,1,after,3068983632,259,5158849346,1174888177
relink-early,jitless,2,after,3068983632,259,5158353523,1175918535
relink-early,jitless,2,before,3068983632,1037,18781832936,3612342716
relink-early,jitless,3,before,3068983632,1047,18781515134,3657892202
relink-early,jitless,3,after,3068983632,258,5159107574,1174977798
relink-late,prod,1,before,3068983632,242,4848655937,1115363831
relink-late,prod,1,after,3068983632,241,4849385862,1118831844
relink-late,prod,2,after,3068983632,240,4851780686,1122574345
relink-late,prod,2,before,3068983632,241,4850557332,1127124381
relink-late,prod,3,before,3068983632,242,4849705401,1117091637
relink-late,prod,3,after,3068983632,240,4848780347,1116910859
relink-late,jitless,1,before,3068983632,262,5157094038,1180612315
relink-late,jitless,1,after,3068983632,255,5160137167,1164581339
relink-late,jitless,2,after,3068983632,258,5161029483,1165732245
relink-late,jitless,2,before,3068983632,261,5161069895,1169720489
relink-late,jitless,3,before,3068983632,263,5159116724,1177524897
relink-late,jitless,3,after,3068983632,257,5157865348,1174740878
