case,fixture,tier,allocations,stress,beforeStatus,beforeScriptSeconds,beforeWallSeconds,beforeWatchdogSeconds,beforeCensorWallSeconds,beforeMinorSeconds,beforeFullSeconds,beforeJitSeconds,beforeJavascriptAndFrontendAndRuntimeSeconds,beforeJitTimingComplete,beforeGcMinorCycles,beforeGcCycles,beforeGcMinorSlotsScanned,beforeGcMinorOldHeadersWalked,beforeGcMinorObjectsRetraced,beforeGcMinorRootSlotsScanned,beforeGcMinorSlotUpdates,beforeJitCompileAttempts,beforeJitCodeGenerations,beforeJitGeneratedCallDeopts,beforeJitReceiverAllocAttempts,beforeJitReceiverAllocGenerated,beforeJitReceiverAllocColdTransitions,beforeJitReceiverAllocSpaceMisses,beforeJitReceiverAllocRefills,beforeJitReceiverAllocGcTransitions,beforeGcMinorRootSlotsPeak,beforeMaxStackDepthObserved,afterStatus,afterScriptSeconds,afterWallSeconds,afterWatchdogSeconds,afterCensorWallSeconds,afterMinorSeconds,afterFullSeconds,afterJitSeconds,afterJavascriptAndFrontendAndRuntimeSeconds,afterJitTimingComplete,afterGcMinorCycles,afterGcCycles,afterGcMinorSlotsScanned,afterGcMinorOldHeadersWalked,afterGcMinorObjectsRetraced,afterGcMinorRootSlotsScanned,afterGcMinorSlotUpdates,afterJitCompileAttempts,afterJitCodeGenerations,afterJitGeneratedCallDeopts,afterJitReceiverAllocAttempts,afterJitReceiverAllocGenerated,afterJitReceiverAllocColdTransitions,afterJitReceiverAllocSpaceMisses,afterJitReceiverAllocRefills,afterJitReceiverAllocGcTransitions,afterGcMinorRootSlotsPeak,afterMaxStackDepthObserved,scriptSpeedup,minorSlotScanReduction
construct-interpreter-1000-stress-1,construct,interpreter,1000,1,passed,0.185401959,0.19472362500528106,60.0,,0.179887151,0.0,0.0,0.005514808,True,12024,0,519678,0,2011,,,0,0,0,0,0,0,0,0,0,,3,passed,0.029799708,0.043408333003753796,60.0,,0.023931462,0.0,0.0,0.005868246,True,12024,0,21199,0,2011,1888199,40077,0,0,0,0,0,0,0,0,0,347,3,6.221603211682477,24.514269541016084
construct-interpreter-1000-stress-16,construct,interpreter,1000,16,passed,0.017800625,0.02670462500100257,60.0,,0.013726856,0.0,0.0,0.004073769,True,751,0,68011,0,336,,,0,0,0,0,0,0,0,0,0,,3,passed,0.006153125,0.01684558299893979,60.0,,0.001584593,0.0,0.0,0.004568532,True,751,0,6383,0,336,114789,4033,0,0,0,0,0,0,0,0,0,177,3,2.8929405789740987,10.6550211499295
construct-interpreter-1000-stress-4,construct,interpreter,1000,4,passed,0.057905709,0.06713541700446513,60.0,,0.053387401,0.0,0.0,0.004518308,True,3006,0,259884,0,1274,,,0,0,0,0,0,0,0,0,0,,3,passed,0.0124165,0.022859624994453043,60.0,,0.006490487,0.0,0.0,0.005926013,True,3006,0,9884,0,1274,459660,9839,0,0,0,0,0,0,0,0,0,264,3,4.663609632344058,26.29340348037232
construct-interpreter-1000-stress-off,construct,interpreter,1000,off,passed,0.005622125,1.0363374169974122,60.0,,0.0,0.0,0.0,0.005622125,True,0,0,0,0,0,,,0,0,0,0,0,0,0,0,0,,3,passed,0.008621834,1.0736681249982212,60.0,,0.0,0.0,0.0,0.008621834,True,0,0,0,0,0,0,0,0,0,0,0,0,0,0,0,0,0,3,0.6520799403004048,
construct-interpreter-10000-stress-1,construct,interpreter,10000,1,passed,0.582136125,0.5911361660037073,60.0,,0.567931698,0.0,0.0,0.014204427,True,30024,0,50060178,0,20011,,,0,0,0,0,0,0,0,0,0,,3,passed,0.092277375,0.10282958300376777,60.0,,0.075887764,0.0,0.0,0.016389611,True,30024,0,81559,0,20011,5074199,85077,0,0,0,0,0,0,0,0,0,347,3,6.308546650790619,613.7909734057554
construct-interpreter-10000-stress-16,construct,interpreter,10000,16,passed,0.079799,0.0891101660017739,60.0,,0.068527845,0.0,0.0,0.011271155,True,1876,0,6301247,0,3152,,,0,0,0,0,0,0,0,0,0,,3,passed,0.01753275,0.027791207998234313,60.0,,0.006007866,0.0,0.0,0.011524884,True,1876,0,59994,0,3152,313914,22604,0,0,0,0,0,0,0,0,0,177,3,4.551425190001568,105.03128646197953
construct-interpreter-10000-stress-4,construct,interpreter,10000,4,passed,0.26070375,0.26950329200190026,60.0,,0.248755498,0.0,0.0,0.011948252,True,7506,0,25070244,0,12528,,,0,0,0,0,0,0,0,0,0,,3,passed,0.0346605,0.0447316249992582,60.0,,0.022643335,0.0,0.0,0.012017165,True,7506,0,70244,0,12528,1256160,30093,0,0,0,0,0,0,0,0,0,264,3,7.521638464534558,356.90228346905076
construct-interpreter-10000-stress-off,construct,interpreter,10000,off,passed,0.009846833,0.01846108300378546,60.0,,0.0,0.0,0.0,0.009846833,True,0,0,0,0,0,,,0,0,0,0,0,0,0,0,0,,3,passed,0.011759958,0.02237437500298256,60.0,,0.0,0.0,0.0,0.011759958,True,0,0,0,0,0,0,0,0,0,0,0,0,0,0,0,0,0,3,0.8373187217165231,
construct-interpreter-200000-stress-1,construct,interpreter,200000,1,passed,24.594100208,24.606416958005866,60.0,,24.353276086,0.003397,0.0,,True,410025,1,4205739224,0,400009,,,0,0,0,0,0,0,0,0,0,,3,passed,1.296957125,1.3151404579984955,60.0,,1.061232555,0.003934208,0.0,,True,410025,1,1471146,0,400009,72334376,926776,0,0,0,0,0,0,0,0,0,347,3,18.962924628676525,2858.818379684953
construct-interpreter-200000-stress-16,construct,interpreter,200000,16,passed,13.3421395,13.354316083001322,60.0,,13.15972974,0.003534375,0.0,,True,25627,1,2500938257,0,62532,,,0,0,0,0,0,0,0,0,0,,3,passed,0.236398167,0.2499468749956577,60.0,,0.081360789,0.004394875,0.0,,True,25627,1,1113254,0,62532,4517841,414487,0,0,0,0,0,0,0,0,0,177,3,56.43926799144767,2246.511808625884
construct-interpreter-200000-stress-4,construct,interpreter,200000,4,watchdog,,60.00540245800221,60.0,60.0,,,,,,,,,,,,,,,,,,,,,,,,passed,0.451328292,0.46448954199877335,60.0,,0.276101178,0.004302375,0.0,,True,102507,1,1265999,0,250030,18071337,457595,0,0,0,0,0,0,0,0,0,264,3,,
construct-interpreter-200000-stress-off,construct,interpreter,200000,off,passed,0.155461916,0.1679846249971888,60.0,,0.014196833,0.004386333,0.0,,True,2,1,657744,0,34,,,0,0,0,0,0,0,0,0,0,,3,passed,0.190471583,0.20689433299412485,60.0,,0.016659416,0.004449875,0.0,,True,2,1,552448,0,34,354,341753,0,0,0,0,0,0,0,0,0,177,3,0.8161948021401177,1.1905989341983318
construct-interpreter-50000-stress-1,construct,interpreter,50000,1,passed,4.904118625,4.914129167002102,60.0,,4.84407502,0.0,0.0,0.060043605,True,110024,0,1250240178,0,100011,,,0,0,0,0,0,0,0,0,0,,3,passed,0.288176209,0.29881775000103517,60.0,,0.232691488,0.0,0.0,0.055484721,True,110024,0,330711,0,100011,19234199,285077,0,0,0,0,0,0,0,0,0,347,3,17.017777567474347,3780.4614240227875
construct-interpreter-50000-stress-16,construct,interpreter,50000,16,passed,0.5987225,0.6082189999942784,60.0,,0.559367885,0.0,0.0,0.039354615,True,6876,0,156485399,0,15654,,,0,0,0,0,0,0,0,0,0,,3,passed,0.05726275,0.06713483299972722,60.0,,0.019407757,0.0,0.0,0.037854993,True,6876,0,279146,0,15654,1198914,105108,0,0,0,0,0,0,0,0,0,177,3,10.4557063710702,560.5862129494959
construct-interpreter-50000-stress-4,construct,interpreter,50000,4,passed,2.317822584,2.3279083329980494,60.0,,2.271915423,0.0,0.0,0.045907161,True,27506,0,625319396,0,62530,,,0,0,0,0,0,0,0,0,0,,3,passed,0.113355584,0.12543587500113063,60.0,,0.068141674,0.0,0.0,0.04521391,True,27506,0,319396,0,62530,4796160,120095,0,0,0,0,0,0,0,0,0,264,3,20.447361322755835,1957.818494909141
construct-interpreter-50000-stress-off,construct,interpreter,50000,off,passed,0.035073958,0.04460437500529224,60.0,,0.0,0.0,0.0,0.035073958,True,0,0,0,0,0,,,0,0,0,0,0,0,0,0,0,,3,passed,0.040264583,0.05059087500558235,60.0,,0.0,0.0,0.0,0.040264583,True,0,0,0,0,0,0,0,0,0,0,0,0,0,0,0,0,0,3,0.8710870791832118,
construct-production-1000-stress-1,construct,production,1000,1,passed,0.232397334,0.24134074999892619,60.0,,0.224713188,0.0,0.00083671,0.006847436,True,12117,0,23454,0,2150,,,6,6,0,9796,0,4908,0,0,0,,3,passed,0.03788675,0.049643082995316945,60.0,,0.029064423,0.0,0.001078667,0.00774366,True,12117,0,23454,0,2150,3022363,39353,6,6,0,9796,0,4908,0,0,0,901,3,6.1340002507472935,1.0
construct-production-1000-stress-16,construct,production,1000,16,passed,0.020592959,0.02950612499989802,60.0,,0.014403885,0.0,0.000848916,0.005340158,True,757,0,68656,0,405,,,6,6,0,9796,0,4908,0,0,0,,3,passed,0.009224292,0.020158583000011276,60.0,,0.002170376,0.0,0.000941127,0.006112789,True,757,0,6593,0,405,191810,4650,6,6,0,9796,0,4908,0,0,0,865,3,2.2324704161576845,10.413468830577886
construct-production-1000-stress-4,construct,production,1000,4,passed,0.099195667,0.1080354170044302,60.0,,0.084458556,0.0,0.000832375,0.013904736,True,3029,0,259662,0,1162,,,6,6,0,9796,0,4908,0,0,0,,3,passed,0.01470775,0.024957582994829863,60.0,,0.007298739,0.0,0.001005375,0.006403636,True,3029,0,9912,0,1162,765930,11382,6,6,0,9796,0,4908,0,0,0,865,3,6.744448811001003,26.196731234866828
construct-production-1000-stress-off,construct,production,1000,off,passed,0.006787125,0.016144000001077075,60.0,,0.0,0.0,0.001278874,0.005508251,True,0,0,0,0,0,,,6,6,0,9796,0,4908,0,2,0,,3,passed,0.008071375,0.01862737499322975,60.0,,0.0,0.0,0.001721958,0.006349417,True,0,0,0,0,0,0,0,6,6,0,9796,0,4908,0,2,0,0,3,0.8408883244800297,
construct-production-10000-stress-1,construct,production,10000,1,passed,0.743098375,0.7521944580003037,60.0,,0.727943626,0.0,0.000865669,0.01428908,True,30117,0,95454,0,20150,,,6,6,0,9796,0,4908,0,0,0,,3,passed,0.126767875,0.1376989170021261,60.0,,0.103766384,0.0,0.001030874,0.021970617,True,30117,0,95454,0,20150,11284363,75353,6,6,0,9796,0,4908,0,0,0,901,3,5.861882397255614,1.0
construct-production-10000-stress-16,construct,production,10000,16,passed,0.073816541,0.08268991699878825,60.0,,0.06187641,0.0,0.000834207,0.011105924,True,1882,0,6305269,0,2659,,,6,6,0,9796,0,4908,0,0,0,,3,passed,0.01980775,0.032870958995772526,60.0,,0.00711233,0.0,0.000951125,0.011744295,True,1882,0,59644,0,2659,704810,26058,6,6,0,9796,0,4908,0,0,0,865,3,3.7266494680112583,105.71505935215613
construct-production-10000-stress-4,construct,production,10000,4,passed,0.263733791,0.272629874998529,60.0,,0.250251023,0.0,0.00084925,0.012633518,True,7529,0,25065522,0,10166,,,6,6,0,9796,0,4908,0,0,0,,3,passed,0.050845291,0.0628746250004042,60.0,,0.033800786,0.0,0.001241958,0.015802547,True,7529,0,68022,0,10166,2817930,42890,6,6,0,9796,0,4908,0,0,0,865,3,5.186985575517701,368.49139984122786
construct-production-10000-stress-off,construct,production,10000,off,passed,0.011114291,0.020345832999737468,60.0,,0.0,0.0,0.000838083,0.010276208,True,0,0,0,0,0,,,6,6,0,9796,0,4908,0,2,0,,3,passed,0.01253675,0.022651749997748993,60.0,,0.0,0.0,0.000927959,0.011608791,True,0,0,0,0,0,0,0,6,6,0,9796,0,4908,0,2,0,0,3,0.8865368616268172,
construct-production-200000-stress-1,construct,production,200000,1,watchdog,,60.00508191699919,60.0,60.0,,,,,,,,,,,,,,,,,,,,,,,,passed,1.837572291,1.8526992499973858,60.0,,1.590880679,0.004237167,0.000945501,,True,410118,1,1513079,0,400151,185704825,943713,6,6,0,9796,0,4908,0,0,0,901,3,,
construct-production-200000-stress-16,construct,production,200000,16,passed,13.865849041,13.877840624998498,60.0,,13.65330564,0.003624917,0.00087204,,True,25633,1,2501013526,0,50163,,,6,6,0,9796,0,4908,0,0,0,,3,passed,0.328023708,0.3423075000027893,60.0,,0.133746406,0.010806042,0.001078083,,True,25633,1,1101025,0,50163,11535266,477337,6,6,0,9796,0,4908,0,0,0,865,3,42.2708746436096,2271.532005176994
construct-production-200000-stress-4,construct,production,200000,4,watchdog,,60.00520912499633,60.0,60.0,,,,,,,,,,,,,,,,,,,,,,,,passed,0.4837115,0.49530037499789614,60.0,,0.335662004,0.003636208,0.000837793,,True,102530,1,1216285,0,200172,46138386,707899,6,6,0,9796,0,4908,0,0,0,865,3,,
construct-production-200000-stress-off,construct,production,200000,off,passed,0.137491917,0.1498559999963618,60.0,,0.012199542,0.004012667,0.000836875,,True,2,1,657912,0,212,,,6,6,0,9796,0,4908,0,2,0,,3,passed,0.167886584,0.1835036670017871,60.0,,0.019673875,0.004701667,0.000971082,,True,2,1,552654,0,212,918,342035,6,6,0,9796,0,4908,0,2,0,462,3,0.8189571419238597,1.190459129943871
construct-production-50000-stress-1,construct,production,50000,1,passed,3.120250417,3.1299914159972104,60.0,,3.071093806,0.0,0.00085229,0.048304321,True,110117,0,415454,0,100150,,,6,6,0,9796,0,4908,0,0,0,,3,passed,0.369808333,0.37953591699624667,60.0,,0.321632475,0.0,0.00083621,0.047339648,True,110117,0,415454,0,100150,48004363,235353,6,6,0,9796,0,4908,0,0,0,901,3,8.437480009408008,1.0
construct-production-50000-stress-16,construct,production,50000,16,passed,0.604199833,0.6137959999978193,60.0,,0.565977139,0.0,0.000836042,0.037386652,True,6882,0,156504421,0,12661,,,6,6,0,9796,0,4908,0,0,0,,3,passed,0.060979708,0.07069162500556558,60.0,,0.025139787,0.0,0.000861252,0.034978669,True,6882,0,276296,0,12661,2984810,121074,6,6,0,9796,0,4908,0,0,0,865,3,9.908211318427435,566.4375199061876
construct-production-50000-stress-4,construct,production,50000,4,passed,2.363413708,2.3734476669997093,60.0,,2.317992338,0.0,0.000879625,0.044541745,True,27529,0,625294674,0,50168,,,6,6,0,9796,0,4908,0,0,0,,3,passed,0.143618916,0.15480875000503147,60.0,,0.098188761,0.0,0.000937332,0.044492823,True,27529,0,307174,0,50168,11937930,182894,6,6,0,9796,0,4908,0,0,0,865,3,16.456145010870294,2035.6367205557763
construct-production-50000-stress-off,construct,production,50000,off,passed,0.034753708,0.04414258399629034,60.0,,0.0,0.0,0.000854124,0.033899584,True,0,0,0,0,0,,,6,6,0,9796,0,4908,0,2,0,,3,passed,0.038141125,0.052288625003711786,60.0,,0.0,0.0,0.000932,0.037209125,True,0,0,0,0,0,0,0,6,6,0,9796,0,4908,0,2,0,0,3,0.9111872814448971,
construct-template-1000-stress-1,construct,template,1000,1,passed,0.213335916,0.2222662499989383,60.0,,0.206683499,0.0,0.000191417,0.006461,True,12117,0,23454,0,2150,,,3,4,0,4973,0,4973,0,0,0,,3,passed,0.071014167,0.08153224999841768,60.0,,0.060665886,0.0,0.00022021,0.010128071,True,12117,0,23454,0,2150,3028733,39288,3,4,0,4973,0,4973,0,0,0,901,3,3.004131781197968,1.0
construct-template-1000-stress-16,construct,template,1000,16,passed,0.019329333,0.027977207995718345,60.0,,0.013827776,0.0,0.000195249,0.005306308,True,757,0,68660,0,407,,,3,4,0,4973,0,4973,0,0,0,,3,passed,0.007918541,0.017977584000618663,60.0,,0.001977117,0.0,0.000208541,0.005732883,True,757,0,6597,0,407,192214,4678,3,4,0,4973,0,4973,0,0,0,865,3,2.441022026658699,10.407761103531909
construct-template-1000-stress-4,construct,template,1000,4,passed,0.058192208,0.0670684170036111,60.0,,0.05229325,0.0,0.000194125,0.005704833,True,3029,0,259666,0,1164,,,3,4,0,4973,0,4973,0,0,0,,3,passed,0.014889041,0.025313625003036577,60.0,,0.007822491,0.0,0.000222792,0.006843758,True,3029,0,9916,0,1164,767514,11478,3,4,0,4973,0,4973,0,0,0,865,3,3.9083919508314873,26.186567164179106
construct-template-1000-stress-off,construct,template,1000,off,passed,0.006070875,0.015933083996060304,60.0,,0.0,0.0,0.000636625,0.00543425,True,0,0,0,0,0,,,3,4,0,4973,0,4973,0,2,0,,3,passed,0.010790333,0.02233887499460252,60.0,,0.0,0.0,0.000693209,0.010097124,True,0,0,0,0,0,0,0,3,4,0,4973,0,4973,0,2,0,0,3,0.5626216540305105,
construct-template-10000-stress-1,construct,template,10000,1,passed,0.743908375,0.7530579170052079,60.0,,0.729760909,0.0,0.000193498,0.013953968,True,30117,0,95454,0,20150,,,3,4,0,4973,0,4973,0,0,0,,3,passed,0.113457584,0.12429387500014855,60.0,,0.095732258,0.0,0.000208709,0.017516617,True,30117,0,95454,0,20150,11290733,75288,3,4,0,4973,0,4973,0,0,0,901,3,6.556709113425154,1.0
construct-template-10000-stress-16,construct,template,10000,16,passed,0.073998,0.08355891700193752,60.0,,0.062670305,0.0,0.000185458,0.011142237,True,1882,0,6305273,0,2661,,,3,4,0,4973,0,4973,0,0,0,,3,passed,0.019789791,0.03165133299626177,60.0,,0.007397775,0.0,0.000233708,0.012158308,True,1882,0,59648,0,2661,705214,26086,3,4,0,4973,0,4973,0,0,0,865,3,3.7392006818060883,105.70803715128756
construct-template-10000-stress-4,construct,template,10000,4,passed,0.307726625,0.31674362500052666,60.0,,0.294562412,0.0,0.000200792,0.012963421,True,7529,0,25065526,0,10168,,,3,4,0,4973,0,4973,0,0,0,,3,passed,0.044399917,0.05764462499791989,60.0,,0.030092645,0.0,0.000202042,0.01410523,True,7529,0,68026,0,10168,2819514,42986,3,4,0,4973,0,4973,0,0,0,865,3,6.930792798554105,368.46979096227915
construct-template-10000-stress-off,construct,template,10000,off,passed,0.010541917,0.019174624998413492,60.0,,0.0,0.0,0.000179167,0.01036275,True,0,0,0,0,0,,,3,4,0,4973,0,4973,0,2,0,,3,passed,0.012308333,0.02286199999798555,60.0,,0.0,0.0,0.000212375,0.012095958,True,0,0,0,0,0,0,0,3,4,0,4973,0,4973,0,2,0,0,3,0.8564861707917717,
construct-template-200000-stress-1,construct,template,200000,1,watchdog,,60.00402849999955,60.0,60.0,,,,,,,,,,,,,,,,,,,,,,,,passed,1.764006916,1.7788003339956049,60.0,,1.527562791,0.003680208,0.000214043,,True,410118,1,1513079,0,400151,185711195,943648,3,4,0,4973,0,4973,0,0,0,901,3,,
construct-template-200000-stress-16,construct,template,200000,16,passed,13.733184333,13.745000082999468,60.0,,13.549790211,0.003585917,0.000206666,,True,25633,1,2501013530,0,50165,,,3,4,0,4973,0,4973,0,0,0,,3,passed,0.277069417,0.2924540839958354,60.0,,0.11766055,0.005159125,0.000202125,,True,25633,1,1101029,0,50165,11535670,477365,3,4,0,4973,0,4973,0,0,0,865,3,49.56586144258571,2271.523756413319
construct-template-200000-stress-4,construct,template,200000,4,watchdog,,60.00580008299585,60.0,60.0,,,,,,,,,,,,,,,,,,,,,,,,passed,0.494158291,0.5074021670006914,60.0,,0.34311739,0.0034715,0.000210584,,True,102530,1,1216289,0,200174,46139970,707995,3,4,0,4973,0,4973,0,0,0,865,3,,
construct-template-200000-stress-off,construct,template,200000,off,passed,0.142057459,0.1546609590004664,60.0,,0.013356,0.004078042,0.000196917,,True,2,1,657912,0,212,,,3,4,0,4973,0,4973,0,2,0,,3,passed,0.169079292,0.18666579099954106,60.0,,0.017766625,0.004821208,0.000232792,,True,2,1,552654,0,212,918,342035,3,4,0,4973,0,4973,0,2,0,462,3,0.8401824807735769,1.190459129943871
construct-template-50000-stress-1,construct,template,50000,1,passed,3.11232775,3.122188459004974,60.0,,3.061781806,0.0,0.000187542,0.050358402,True,110117,0,415454,0,100150,,,3,4,0,4973,0,4973,0,0,0,,3,passed,0.351983334,0.36345287499716505,60.0,,0.306380836,0.0,0.0002175,0.045384998,True,110117,0,415454,0,100150,48010733,235288,3,4,0,4973,0,4973,0,0,0,901,3,8.842258849676105,1.0
construct-template-50000-stress-16,construct,template,50000,16,passed,0.613540208,0.623381541998242,60.0,,0.575823559,0.0,0.000202292,0.037514357,True,6882,0,156504425,0,12663,,,3,4,0,4973,0,4973,0,0,0,,3,passed,0.060087208,0.06944866700359853,60.0,,0.02491283,0.0,0.000186793,0.034987585,True,6882,0,276300,0,12663,2985214,121102,3,4,0,4973,0,4973,0,0,0,865,3,10.210829033693827,566.4293340571842
construct-template-50000-stress-4,construct,template,50000,4,passed,2.295243833,2.304906999997911,60.0,,2.251588113,0.0,0.000185583,0.043470137,True,27529,0,625294678,0,50170,,,3,4,0,4973,0,4973,0,0,0,,3,passed,0.144899708,0.155705625002156,60.0,,0.098985461,0.0,0.00021225,0.045701997,True,27529,0,307178,0,50170,11939514,182990,3,4,0,4973,0,4973,0,0,0,865,3,15.840224005144302,2035.6102259927468
construct-template-50000-stress-off,construct,template,50000,off,passed,0.033766041,0.043206916001508944,60.0,,0.0,0.0,0.000192582,0.033573459,True,0,0,0,0,0,,,3,4,0,4973,0,4973,0,2,0,,3,passed,0.037815917,0.04862566600058926,60.0,,0.0,0.0,0.000211627,0.03760429,True,0,0,0,0,0,0,0,3,4,0,4973,0,4973,0,2,0,0,3,0.8929055191230719,
spread-interpreter-1000-stress-1,spread,interpreter,1000,1,passed,0.209396584,0.2182739589989069,60.0,,0.20260493,0.0,0.0,0.006791654,True,12027,0,28187,0,2019,,,0,0,0,0,0,0,0,0,0,,3,passed,0.033543375,0.048596209002425894,60.0,,0.025150221,0.0,0.0,0.008393154,True,12027,0,28187,0,2019,1993756,29093,0,0,0,0,0,0,0,0,0,364,3,6.242561578851263,1.0
spread-interpreter-1000-stress-16,spread,interpreter,1000,16,passed,0.019201375,0.02781837499787798,60.0,,0.013673701,0.0,0.0,0.005527674,True,751,0,67776,0,300,,,0,0,0,0,0,0,0,0,0,,3,passed,0.007832875,0.01780045800114749,60.0,,0.001770445,0.0,0.0,0.00606243,True,751,0,6334,0,300,122269,3754,0,0,0,0,0,0,0,0,0,187,3,2.451382793674098,10.700347331859804
spread-interpreter-1000-stress-4,spread,interpreter,1000,4,passed,0.056949167,0.06635975000244798,60.0,,0.051000825,0.0,0.0,0.005948342,True,3006,0,257863,0,1020,,,0,0,0,0,0,0,0,0,0,,3,passed,0.01219825,0.02243791699584108,60.0,,0.005889633,0.0,0.0,0.006308617,True,3006,0,9633,0,1020,489515,8582,0,0,0,0,0,0,0,0,0,243,3,4.668634189330437,26.768711720128724
spread-interpreter-1000-stress-off,spread,interpreter,1000,off,passed,0.005451708,0.01412220900238026,60.0,,0.0,0.0,0.0,0.005451708,True,0,0,0,0,0,,,0,0,0,0,0,0,0,0,0,,3,passed,0.006364959,0.016887499994481914,60.0,,0.0,0.0,0.0,0.006364959,True,0,0,0,0,0,0,0,0,0,0,0,0,0,0,0,0,0,3,0.8565189500827893,
spread-interpreter-10000-stress-1,spread,interpreter,10000,1,passed,0.787078208,0.7966945000007399,60.0,,0.770991119,0.0,0.0,0.016087089,True,30027,0,100187,0,20019,,,0,0,0,0,0,0,0,0,0,,3,passed,0.1110845,0.12233345799904782,60.0,,0.094519197,0.0,0.0,0.016565303,True,30027,0,100187,0,20019,5359756,65093,0,0,0,0,0,0,0,0,0,364,3,7.085400825497706,1.0
spread-interpreter-10000-stress-16,spread,interpreter,10000,16,passed,0.076718833,0.08577979200344998,60.0,,0.064754012,0.0,0.0,0.011964821,True,1876,0,6298764,0,2554,,,0,0,0,0,0,0,0,0,0,,3,passed,0.01769125,0.027356792001228314,60.0,,0.00519073,0.0,0.0,0.01250052,True,1876,0,59385,0,2554,332644,25146,0,0,0,0,0,0,0,0,0,187,3,4.33654111495796,106.06658247032078
spread-interpreter-10000-stress-4,spread,interpreter,10000,4,passed,0.25740425,0.26650729100219905,60.0,,0.244290871,0.0,0.0,0.013113379,True,7506,0,25043863,0,10020,,,0,0,0,0,0,0,0,0,0,,3,passed,0.03237975,0.04419245800090721,60.0,,0.017632434,0.0,0.0,0.014747316,True,7506,0,67743,0,10020,1331015,40082,0,0,0,0,0,0,0,0,0,243,3,7.949544082335411,369.6893110727308
spread-interpreter-10000-stress-off,spread,interpreter,10000,off,passed,0.010986167,0.019585000001825392,60.0,,0.0,0.0,0.0,0.010986167,True,0,0,0,0,0,,,0,0,0,0,0,0,0,0,0,,3,passed,0.012190416,0.021967832995869685,60.0,,0.0,0.0,0.0,0.012190416,True,0,0,0,0,0,0,0,0,0,0,0,0,0,0,0,0,0,3,0.9012134614602159,
spread-interpreter-200000-stress-1,spread,interpreter,200000,1,watchdog,,60.004108916000405,60.0,60.0,,,,,,,,,,,,,,,,,,,,,,,,passed,1.215287042,1.2302839580006548,60.0,,0.993724593,0.004240166,0.0,,True,410028,1,1505420,0,400020,76419943,936552,0,0,0,0,0,0,0,0,0,364,3,,
spread-interpreter-200000-stress-16,spread,interpreter,200000,16,passed,13.872351416,13.884791333002795,60.0,,13.679475913,0.003510334,0.0,,True,25627,1,2500888271,0,50058,,,0,0,0,0,0,0,0,0,0,,3,passed,0.263261083,0.2800903340030345,60.0,,0.091764803,0.004428667,0.0,,True,25627,1,1100767,0,50059,4774081,476415,0,0,0,0,0,0,0,0,0,187,3,52.694273144808115,2271.9506226113244
spread-interpreter-200000-stress-4,spread,interpreter,200000,4,watchdog,,60.00550141699932,60.0,60.0,,,,,,,,,,,,,,,,,,,,,,,,passed,0.394014666,0.40560950000508456,60.0,,0.238943579,0.003488917,0.0,,True,102507,1,1216002,0,200021,19096202,705081,0,0,0,0,0,0,0,0,0,243,3,,
spread-interpreter-200000-stress-off,spread,interpreter,200000,off,passed,0.146076958,0.15830766699946253,60.0,,0.012540166,0.004105541,0.0,,True,2,1,669070,0,15043,,,0,0,0,0,0,0,0,0,0,,3,passed,0.173367333,0.18790974999865284,60.0,,0.014725375,0.004272833,0.0,,True,2,1,563511,0,15043,374,352297,0,0,0,0,0,0,0,0,0,187,3,0.8425864058253696,1.1873237612043066
spread-interpreter-50000-stress-1,spread,interpreter,50000,1,passed,3.515715792,3.526025874998595,60.0,,3.460851462,0.0,0.0,0.05486433,True,110027,0,420187,0,100019,,,0,0,0,0,0,0,0,0,0,,3,passed,0.334778375,0.34607066700118594,60.0,,0.276797796,0.0,0.0,0.057980579,True,110027,0,420187,0,100019,20319756,225093,0,0,0,0,0,0,0,0,0,364,3,10.501621533947645,1.0
spread-interpreter-50000-stress-16,spread,interpreter,50000,16,passed,0.628016209,0.6374170419949223,60.0,,0.587303758,0.0,0.0,0.040712451,True,6876,0,156472916,0,12556,,,0,0,0,0,0,0,0,0,0,,3,passed,0.05645175,0.06613562499842374,60.0,,0.018658437,0.0,0.0,0.037793313,True,6876,0,276037,0,12556,1267644,120154,0,0,0,0,0,0,0,0,0,187,3,11.12483154198054,566.8548636595818
spread-interpreter-50000-stress-4,spread,interpreter,50000,4,passed,2.323479792,2.333181374997366,60.0,,2.277526715,0.0,0.0,0.045953077,True,27506,0,625203863,0,50020,,,0,0,0,0,0,0,0,0,0,,3,passed,0.178883708,0.22248550000222167,60.0,,0.099496142,0.0,0.0,0.079387566,True,27506,0,306895,0,50020,5071015,180082,0,0,0,0,0,0,0,0,0,243,3,12.988772527009559,2037.1914270353052
spread-interpreter-50000-stress-off,spread,interpreter,50000,off,passed,0.036113667,0.04555600000458071,60.0,,0.0,0.0,0.0,0.036113667,True,0,0,0,0,0,,,0,0,0,0,0,0,0,0,0,,3,passed,0.040737625,0.05132979199697729,60.0,,0.0,0.0,0.0,0.040737625,True,0,0,0,0,0,0,0,0,0,0,0,0,0,0,0,0,0,3,0.8864941684744755,
spread-production-1000-stress-1,spread,production,1000,1,passed,0.198792208,0.20779795899579767,60.0,,0.190522429,0.0,0.000587668,0.007682111,True,12120,0,524960,0,2156,,,4,5,0,4916,0,4916,0,0,0,,3,passed,0.039603584,0.05007725000177743,60.0,,0.029348176,0.0,0.000665125,0.009590283,True,12120,0,26481,0,2156,3020705,30340,4,5,0,4916,0,4916,0,0,0,915,3,5.019550957812303,19.82402477247838
spread-production-1000-stress-16,spread,production,1000,16,passed,0.0223155,0.031054415994731244,60.0,,0.015339613,0.0,0.000589167,0.00638672,True,757,0,67537,0,480,,,4,5,0,4916,0,4916,0,0,0,,3,passed,0.009520041,0.019527415999618825,60.0,,0.002047946,0.0,0.000649542,0.006822553,True,757,0,6663,0,480,187260,3667,4,5,0,4916,0,4916,0,0,0,902,3,2.344055030855434,10.136124868677772
spread-production-1000-stress-4,spread,production,1000,4,passed,0.065032333,0.07397183300054166,60.0,,0.057656848,0.0,0.000606917,0.006768568,True,3030,0,258154,0,1406,,,4,5,0,4916,0,4916,0,0,0,,3,passed,0.015603125,0.025819542002864182,60.0,,0.007192853,0.0,0.000681626,0.007728646,True,3030,0,10166,0,1406,749476,7623,4,5,0,4916,0,4916,0,0,0,902,3,4.167904378129381,25.39386189258312
spread-production-1000-stress-off,spread,production,1000,off,passed,0.006578791,0.015215041996270884,60.0,,0.0,0.0,0.000579873,0.005998918,True,0,0,0,0,0,,,4,5,0,4916,0,4916,0,2,0,,3,passed,0.009600167,0.01967091600090498,60.0,,0.0,0.0,0.000664082,0.008936085,True,0,0,0,0,0,0,0,4,5,0,4916,0,4916,0,2,0,0,3,0.6852788081707328,
spread-production-10000-stress-1,spread,production,10000,1,passed,0.603519125,0.6128739160049008,60.0,,0.586574794,0.0,0.000582041,0.01636229,True,30120,0,50065460,0,20156,,,4,5,0,4916,0,4916,0,0,0,,3,passed,0.116055291,0.12615658299910137,60.0,,0.09817958,0.0,0.00063871,0.017237001,True,30120,0,86841,0,20156,11408705,75340,4,5,0,4916,0,4916,0,0,0,915,3,5.200272385685544,576.5186950864223
spread-production-10000-stress-16,spread,production,10000,16,passed,0.074458958,0.08343533299921546,60.0,,0.061833665,0.0,0.000582541,0.012042752,True,1882,0,6287663,0,3292,,,4,5,0,4916,0,4916,0,0,0,,3,passed,0.019146334,0.028755457999068312,60.0,,0.006354742,0.0,0.000603291,0.012188301,True,1882,0,60270,0,3292,714885,22230,4,5,0,4916,0,4916,0,0,0,902,3,3.8889407235870848,104.32492118798739
spread-production-10000-stress-4,spread,production,10000,4,passed,0.259842875,0.26900833399849944,60.0,,0.24571103,0.0,0.000569917,0.013561928,True,7530,0,25044154,0,12656,,,4,5,0,4916,0,4916,0,0,0,,3,passed,0.043117333,0.054160375002538785,60.0,,0.025868353,0.0,0.000880291,0.016368689,True,7530,0,70522,0,12656,2859976,27873,4,5,0,4916,0,4916,0,0,0,902,3,6.0264134379554495,355.12540767420097
spread-production-10000-stress-off,spread,production,10000,off,passed,0.011716291,0.020467041998927016,60.0,,0.0,0.0,0.000577791,0.0111385,True,0,0,0,0,0,,,4,5,0,4916,0,4916,0,2,0,,3,passed,0.013538041,0.02376133300276706,60.0,,0.0,0.0,0.000633333,0.012904708,True,0,0,0,0,0,0,0,4,5,0,4916,0,4916,0,2,0,0,3,0.8654347405211729,
spread-production-200000-stress-1,spread,production,200000,1,passed,30.481055375,30.494875958000193,60.0,,30.113301205,0.004503584,0.000641958,,True,410121,1,3939147361,0,400154,,,4,5,0,4916,0,4916,0,0,0,,3,passed,1.62661675,1.6413749170023948,60.0,,1.427264877,0.004147208,0.0006725,,True,410121,1,1486082,0,400154,188489168,913822,4,5,0,4916,0,4916,0,0,0,915,3,18.73892874581551,2650.6931387366244
spread-production-200000-stress-16,spread,production,200000,16,passed,14.711574583,14.723673500004224,60.0,,14.509912938,0.003626,0.000565623,,True,25633,1,2500857485,0,62669,,,4,5,0,4916,0,4916,0,0,0,,3,passed,0.304844833,0.31852025000262074,60.0,,0.130218283,0.004348416,0.000683749,,True,25633,1,1113527,0,62669,11854104,414105,4,5,0,4916,0,4916,0,0,0,902,3,48.25922236641617,2245.8885011319885
spread-production-200000-stress-4,spread,production,200000,4,watchdog,,60.004994290997274,60.0,60.0,,,,,,,,,,,,,,,,,,,,,,,,passed,0.558066875,0.5737609999996494,60.0,,0.38702236,0.004218709,0.000616334,,True,102531,1,1266275,0,250156,47415445,455368,4,5,0,4916,0,4916,0,0,0,902,3,,
spread-production-200000-stress-off,spread,production,200000,off,passed,0.139724917,0.15238079100527102,60.0,,0.012936125,0.004056084,0.000576377,,True,2,1,669233,0,15221,,,4,5,0,4916,0,4916,0,2,0,,3,passed,0.163708584,0.17840804200386629,60.0,,0.016459584,0.004639792,0.000664668,,True,2,1,563713,0,15221,932,352575,4,5,0,4916,0,4916,0,2,0,469,3,0.8534978043668132,1.1871874517706706
spread-production-50000-stress-1,spread,production,50000,1,passed,4.880717083,4.890985167003237,60.0,,4.820770375,0.0,0.000661707,0.059285001,True,110120,0,1250245460,0,100156,,,4,5,0,4916,0,4916,0,0,0,,3,passed,0.440549083,0.45250595799734583,60.0,,0.378084834,0.0,0.000702959,0.06176129,True,110120,0,335993,0,100156,48688705,275340,4,5,0,4916,0,4916,0,0,0,915,3,11.078713522143458,3721.04615274723
spread-production-50000-stress-16,spread,production,50000,16,passed,0.697606208,0.70781454200187,60.0,,0.654186615,0.0,0.000627249,0.042792344,True,6882,0,156432663,0,15792,,,4,5,0,4916,0,4916,0,0,0,,3,passed,0.064657625,0.07441766699776053,60.0,,0.026344668,0.0,0.000566085,0.037746872,True,6882,0,279420,0,15792,3059885,104730,4,5,0,4916,0,4916,0,0,0,902,3,10.789233412145899,559.8477668026627
spread-production-50000-stress-4,spread,production,50000,4,passed,2.344953959,2.355077791995427,60.0,,2.297693107,0.0,0.000612667,0.046648185,True,27530,0,625204154,0,62656,,,4,5,0,4916,0,4916,0,0,0,,3,passed,0.1550975,0.16565149999951245,60.0,,0.09688649,0.0,0.00063775,0.05757326,True,27530,0,319672,0,62656,12239976,117873,4,5,0,4916,0,4916,0,0,0,902,3,15.119224739276907,1955.7676430841614
spread-production-50000-stress-off,spread,production,50000,off,passed,0.035003083,0.044456374998844694,60.0,,0.0,0.0,0.000564334,0.034438749,True,0,0,0,0,0,,,4,5,0,4916,0,4916,0,2,0,,3,passed,0.046990542,0.06357099999877391,60.0,,0.0,0.0,0.000747626,0.046242916,True,0,0,0,0,0,0,0,4,5,0,4916,0,4916,0,2,0,0,3,0.7448963453113606,
spread-template-1000-stress-1,spread,template,1000,1,passed,0.198180625,0.20722966700122925,60.0,,0.190490632,0.0,0.000198126,0.007491867,True,12120,0,524905,0,2156,,,2,4,0,4970,0,4970,0,0,0,,3,passed,0.03834175,0.050308874997426756,60.0,,0.029280615,0.0,0.000259666,0.008801469,True,12120,0,26426,0,2156,3024903,30231,2,4,0,4970,0,4970,0,0,0,915,3,5.16879446034675,19.863202906228715
spread-template-1000-stress-16,spread,template,1000,16,passed,0.020816875,0.029505250000511296,60.0,,0.014323131,0.0,0.000197791,0.006295953,True,757,0,67528,0,474,,,2,4,0,4970,0,4970,0,0,0,,3,passed,0.011579791,0.022078500005591195,60.0,,0.002625396,0.0,0.000217875,0.00873652,True,757,0,6654,0,474,187555,3663,2,4,0,4970,0,4970,0,0,0,902,3,1.7976900446648818,10.148482116020439
spread-template-1000-stress-4,spread,template,1000,4,passed,0.059289083,0.06814212500466965,60.0,,0.052430349,0.0,0.000200249,0.006658485,True,3030,0,258169,0,1408,,,2,4,0,4970,0,4970,0,0,0,,3,passed,0.017753209,0.028455917003157083,60.0,,0.007358711,0.0,0.000227375,0.010167123,True,3030,0,10181,0,1408,750698,7653,2,4,0,4970,0,4970,0,0,0,902,3,3.33962626137055,25.357921618701504
spread-template-1000-stress-off,spread,template,1000,off,passed,0.006135833,0.01480795799579937,60.0,,0.0,0.0,0.000203792,0.005932041,True,0,0,0,0,0,,,2,4,0,4970,0,4970,0,2,0,,3,passed,0.007191291,0.017649708002863917,60.0,,0.0,0.0,0.000243833,0.006947458,True,0,0,0,0,0,0,0,2,4,0,4970,0,4970,0,2,0,0,3,0.8532310818738945,
spread-template-10000-stress-1,spread,template,10000,1,passed,0.615425875,0.625070541005698,60.0,,0.598682471,0.0,0.000219458,0.016523946,True,30120,0,50065405,0,20156,,,2,4,0,4970,0,4970,0,0,0,,3,passed,0.117884667,0.12856299999839393,60.0,,0.100342421,0.0,0.000218127,0.017324119,True,30120,0,86786,0,20156,11412903,75231,2,4,0,4970,0,4970,0,0,0,915,3,5.220576099180057,576.8834258981864
spread-template-10000-stress-16,spread,template,10000,16,passed,0.075513625,0.08449379100056831,60.0,,0.063251586,0.0,0.000193165,0.012068874,True,1882,0,6287654,0,3286,,,2,4,0,4970,0,4970,0,0,0,,3,passed,0.018432709,0.027949542003625538,60.0,,0.006175583,0.0,0.000206793,0.012050333,True,1882,0,60261,0,3286,715180,22226,2,4,0,4970,0,4970,0,0,0,902,3,4.09671877313313,104.34035279865917
spread-template-10000-stress-4,spread,template,10000,4,passed,0.265008208,0.2740955830013263,60.0,,0.251173936,0.0,0.000193416,0.013640856,True,7530,0,25044169,0,12658,,,2,4,0,4970,0,4970,0,0,0,,3,passed,0.040984916,0.05275904199515935,60.0,,0.024594955,0.0,0.000240542,0.016149419,True,7530,0,70537,0,12658,2861198,27903,2,4,0,4970,0,4970,0,0,0,902,3,6.465993684115395,355.05010136524095
spread-template-10000-stress-off,spread,template,10000,off,passed,0.011471583,0.020208959002047777,60.0,,0.0,0.0,0.000195168,0.011276415,True,0,0,0,0,0,,,2,4,0,4970,0,4970,0,2,0,,3,passed,0.015530958,0.02592545799416257,60.0,,0.0,0.0,0.000242666,0.015288292,True,0,0,0,0,0,0,0,2,4,0,4970,0,4970,0,2,0,0,3,0.7386268767193885,
spread-template-200000-stress-1,spread,template,200000,1,passed,29.529844792,29.544287208998867,60.0,,29.185689746,0.003790333,0.000233876,,True,410121,1,3940656056,0,400154,,,2,4,0,4970,0,4970,0,0,0,,3,passed,1.521981292,1.5374618330024532,60.0,,1.331989436,0.003550583,0.000241292,,True,410121,1,1485973,0,400154,188493366,913731,2,4,0,4970,0,4970,0,0,0,915,3,19.402239007284724,2651.9028649914903
spread-template-200000-stress-16,spread,template,200000,16,passed,14.486981916,14.49971079199895,60.0,,14.288217866,0.003690208,0.000192917,,True,25633,1,2500857476,0,62663,,,2,4,0,4970,0,4970,0,0,0,,3,passed,0.275308333,0.2886169159974088,60.0,,0.121671355,0.004341208,0.00021779,,True,25633,1,1113518,0,62663,11854399,414101,2,4,0,4970,0,4970,0,0,0,902,3,52.62093507354897,2245.906645424681
spread-template-200000-stress-4,spread,template,200000,4,watchdog,,60.003188375005266,60.0,60.0,,,,,,,,,,,,,,,,,,,,,,,,passed,0.516150166,0.5285477500001434,60.0,,0.36042545,0.003834208,0.000215958,,True,102531,1,1266290,0,250158,47416667,455398,2,4,0,4970,0,4970,0,0,0,902,3,,
spread-template-200000-stress-off,spread,template,200000,off,passed,0.137774958,0.15044470800057752,60.0,,0.012563334,0.00411825,0.000192917,,True,2,1,669233,0,15221,,,2,4,0,4970,0,4970,0,2,0,,3,passed,0.172181458,0.18658262499957345,60.0,,0.019529791,0.004759625,0.000216709,,True,2,1,563713,0,15221,932,352575,2,4,0,4970,0,4970,0,2,0,469,3,0.800173024437974,1.1871874517706706
spread-template-50000-stress-1,spread,template,50000,1,passed,4.783786834,4.794155042000057,60.0,,4.726441901,0.0,0.000241167,0.057103766,True,110120,0,1250245405,0,100156,,,2,4,0,4970,0,4970,0,0,0,,3,passed,0.466848667,0.4791506249966915,60.0,,0.406951981,0.0,0.00022825,0.059668436,True,110120,0,335938,0,100156,48692903,275231,2,4,0,4970,0,4970,0,0,0,915,3,10.246975459394426,3721.6552012573748
spread-template-50000-stress-16,spread,template,50000,16,passed,0.651109334,0.6608749159931904,60.0,,0.611762194,0.0,0.000195459,0.039151681,True,6882,0,156432654,0,15786,,,2,4,0,4970,0,4970,0,0,0,,3,passed,0.060470208,0.07011604199942667,60.0,,0.024732137,0.0,0.000199792,0.035538279,True,6882,0,279411,0,15786,3060180,104726,2,4,0,4970,0,4970,0,0,0,902,3,10.767439959855935,559.8657676326272
spread-template-50000-stress-4,spread,template,50000,4,passed,2.309905167,2.3197825829993235,60.0,,2.264561213,0.0,0.000194832,0.045149122,True,27530,0,625204169,0,62658,,,2,4,0,4970,0,4970,0,0,0,,3,passed,0.145381583,0.1571023750002496,60.0,,0.096511113,0.0,0.000239875,0.048630595,True,27530,0,319687,0,62658,12241198,117903,2,4,0,4970,0,4970,0,0,0,902,3,15.888567996951856,1955.6759236378082
spread-template-50000-stress-off,spread,template,50000,off,passed,0.034982542,0.044537750000017695,60.0,,0.0,0.0,0.000195459,0.034787083,True,0,0,0,0,0,,,2,4,0,4970,0,4970,0,2,0,,3,passed,0.074333125,0.0853614160005236,60.0,,0.0,0.0,0.000217749,0.074115376,True,0,0,0,0,0,0,0,2,4,0,4970,0,4970,0,2,0,0,3,0.4706184759486433,
