name,tier,speedup,time_change_percent,before_median_ms,before_instructions,before_cycles,before_max_rss,before_stub_per_invocation,before_property_stubs_per_invocation,before_compile_ns,before_code_bytes,before_code_generations,before_deopts,after_median_ms,after_instructions,after_cycles,after_max_rss,after_stub_per_invocation,after_property_stubs_per_invocation,after_compile_ns,after_code_bytes,after_code_generations,after_deopts
math-explicit-calls,interpreter,1.0874779978679623,-8.044116574263205,178.204,84055431507,14923716844,31752192,0.0,0.0,0,0,0,0,163.8690625,79447342031,14018674378,31735808,0.0,0.0,0,0,0,0
math-explicit-calls,template,2.6460050657031173,-62.207177417694325,346.082854,83369571390,17330147753,31719424,2400095.714285714,1199999.0357142857,1461125,4480,1,0,130.794479,63854437092,11243863017,31703040,1200096.6785714286,0.0,360709,4936,1,0
math-explicit-calls,production-tiered,57.394639607539496,-98.25767701158517,432.862021,87147017812,22089996811,31735808,2400091.8571428573,1199997.107142857,3202125,3300,1,0,7.5418545,4785601875,704507356,31735808,97.64285714285714,0.0,1947209,4812,1,0
math-intrinsics,template,1.0831982189747686,-7.6807935535117995,11.8596665,5440960571,1022308734,31719424,97.64285714285714,0.0,78167,3864,1,0,10.94875,5440098744,995254297,31719424,97.64285714285714,0.0,97417,3864,1,0
math-intrinsics,production-tiered,1.1743068070327312,-14.84337874811218,7.466292,4154165466,663788599,31768576,97.64285714285714,0.0,893958,3644,1,0,6.358042,4149364549,597767130,31719424,97.64285714285714,0.0,874417,3644,1,0
native-boundary,template,1.1722943172813114,-14.697189497675145,208.3061255,79157728543,16986931533,31457280,2000046.9285714286,999998.5714285715,139916,7364,1,0,177.6909795,73868370891,15054768830,31719424,1600047.5,599999.1428571428,99917,7668,1,0
native-boundary,production-tiered,1.4460988207200254,-30.848432647079317,320.266542,112418943513,25426126380,31735808,2200039.964285714,999995.5357142857,3147333,8164,1,0,221.4693335,86049767665,18636549580,31719424,1400043.5357142857,599997.3214285715,2827542,9168,1,0
property-polymorphic,template,0.9866466940444556,1.3534029998931718,79.5695,37242567285,6823755543,31752192,1600096.357142857,1599998.7142857143,93666,4316,1,0,80.646396,37277247796,6847661886,31735808,1600096.357142857,1599998.7142857143,74292,4316,1,0
property-polymorphic,production-tiered,2.2135728116456312,-54.824165044899864,103.8638335,43948486021,8952313571,31703040,1600001.9285714286,1599904.2857142857,3334042,9132,2,1,46.921354,21832444636,4017603739,31719424,400069.4285714286,399971.78571428574,3607876,11440,2,1
