series,pair,tier,build,sample,wall-ns
post-clean-diagnostic,1,interpreter,before,1,388466333
post-clean-diagnostic,1,interpreter,before,2,395233417
post-clean-diagnostic,1,interpreter,before,3,386518750
post-clean-diagnostic,1,interpreter,before,4,384022959
post-clean-diagnostic,1,interpreter,before,5,388545250
post-clean-diagnostic,1,interpreter,before,6,387011042
post-clean-diagnostic,1,interpreter,before,7,386554959
post-clean-diagnostic,1,interpreter,before,8,393438125
post-clean-diagnostic,1,interpreter,before,9,388874042
post-clean-diagnostic,1,interpreter,before,10,393059750
post-clean-diagnostic,1,interpreter,before,11,387436125
post-clean-diagnostic,1,interpreter,before,12,399187167
post-clean-diagnostic,1,interpreter,before,13,390647250
post-clean-diagnostic,1,interpreter,before,14,387690250
post-clean-diagnostic,1,interpreter,before,15,383698875
post-clean-diagnostic,1,interpreter,before,16,391479459
post-clean-diagnostic,1,interpreter,before,17,397255667
post-clean-diagnostic,1,interpreter,before,18,389547875
post-clean-diagnostic,1,interpreter,before,19,388553416
post-clean-diagnostic,1,interpreter,before,20,394694750
post-clean-diagnostic,1,interpreter,after,1,392323208
post-clean-diagnostic,1,interpreter,after,2,599541792
post-clean-diagnostic,1,interpreter,after,3,408783375
post-clean-diagnostic,1,interpreter,after,4,436784458
post-clean-diagnostic,1,interpreter,after,5,486771083
post-clean-diagnostic,1,interpreter,after,6,477413709
post-clean-diagnostic,1,interpreter,after,7,464589959
post-clean-diagnostic,1,interpreter,after,8,590384791
post-clean-diagnostic,1,interpreter,after,9,414061917
post-clean-diagnostic,1,interpreter,after,10,494878375
post-clean-diagnostic,1,interpreter,after,11,422041708
post-clean-diagnostic,1,interpreter,after,12,637970708
post-clean-diagnostic,1,interpreter,after,13,398472833
post-clean-diagnostic,1,interpreter,after,14,369771875
post-clean-diagnostic,1,interpreter,after,15,503664292
post-clean-diagnostic,1,interpreter,after,16,426438000
post-clean-diagnostic,1,interpreter,after,17,411509083
post-clean-diagnostic,1,interpreter,after,18,542701042
post-clean-diagnostic,1,interpreter,after,19,474028292
post-clean-diagnostic,1,interpreter,after,20,409101875
post-clean-diagnostic,1,template,before,1,197830834
post-clean-diagnostic,1,template,before,2,186869125
post-clean-diagnostic,1,template,before,3,171596875
post-clean-diagnostic,1,template,before,4,169750667
post-clean-diagnostic,1,template,before,5,170361833
post-clean-diagnostic,1,template,before,6,170694375
post-clean-diagnostic,1,template,before,7,171587084
post-clean-diagnostic,1,template,before,8,170494167
post-clean-diagnostic,1,template,before,9,169714958
post-clean-diagnostic,1,template,before,10,169605250
post-clean-diagnostic,1,template,before,11,171881625
post-clean-diagnostic,1,template,before,12,170314333
post-clean-diagnostic,1,template,before,13,170077541
post-clean-diagnostic,1,template,before,14,171068833
post-clean-diagnostic,1,template,before,15,170030625
post-clean-diagnostic,1,template,before,16,173674000
post-clean-diagnostic,1,template,before,17,171270500
post-clean-diagnostic,1,template,before,18,172263667
post-clean-diagnostic,1,template,before,19,178052166
post-clean-diagnostic,1,template,before,20,170111750
post-clean-diagnostic,1,template,after,1,187995292
post-clean-diagnostic,1,template,after,2,185598541
post-clean-diagnostic,1,template,after,3,227317417
post-clean-diagnostic,1,template,after,4,193143250
post-clean-diagnostic,1,template,after,5,145043583
post-clean-diagnostic,1,template,after,6,165418833
post-clean-diagnostic,1,template,after,7,165111792
post-clean-diagnostic,1,template,after,8,201553292
post-clean-diagnostic,1,template,after,9,178781792
post-clean-diagnostic,1,template,after,10,185662334
post-clean-diagnostic,1,template,after,11,164941167
post-clean-diagnostic,1,template,after,12,190338792
post-clean-diagnostic,1,template,after,13,190616625
post-clean-diagnostic,1,template,after,14,214412917
post-clean-diagnostic,1,template,after,15,169633417
post-clean-diagnostic,1,template,after,16,202271333
post-clean-diagnostic,1,template,after,17,143642500
post-clean-diagnostic,1,template,after,18,166861666
post-clean-diagnostic,1,template,after,19,193537167
post-clean-diagnostic,1,template,after,20,187333792
post-clean-diagnostic,1,production-tiered,before,1,210321292
post-clean-diagnostic,1,production-tiered,before,2,213814292
post-clean-diagnostic,1,production-tiered,before,3,212055459
post-clean-diagnostic,1,production-tiered,before,4,210403875
post-clean-diagnostic,1,production-tiered,before,5,211219666
post-clean-diagnostic,1,production-tiered,before,6,210189834
post-clean-diagnostic,1,production-tiered,before,7,209966958
post-clean-diagnostic,1,production-tiered,before,8,210675959
post-clean-diagnostic,1,production-tiered,before,9,212540667
post-clean-diagnostic,1,production-tiered,before,10,224459209
post-clean-diagnostic,1,production-tiered,before,11,211345875
post-clean-diagnostic,1,production-tiered,before,12,210322417
post-clean-diagnostic,1,production-tiered,before,13,211818250
post-clean-diagnostic,1,production-tiered,before,14,211847875
post-clean-diagnostic,1,production-tiered,before,15,215216333
post-clean-diagnostic,1,production-tiered,before,16,211370458
post-clean-diagnostic,1,production-tiered,before,17,209712042
post-clean-diagnostic,1,production-tiered,before,18,218999542
post-clean-diagnostic,1,production-tiered,before,19,210791958
post-clean-diagnostic,1,production-tiered,before,20,211699792
post-clean-diagnostic,1,production-tiered,after,1,252376166
post-clean-diagnostic,1,production-tiered,after,2,265320167
post-clean-diagnostic,1,production-tiered,after,3,232445834
post-clean-diagnostic,1,production-tiered,after,4,206123083
post-clean-diagnostic,1,production-tiered,after,5,213798458
post-clean-diagnostic,1,production-tiered,after,6,178476875
post-clean-diagnostic,1,production-tiered,after,7,199142625
post-clean-diagnostic,1,production-tiered,after,8,208194917
post-clean-diagnostic,1,production-tiered,after,9,240226708
post-clean-diagnostic,1,production-tiered,after,10,259169125
post-clean-diagnostic,1,production-tiered,after,11,254324000
post-clean-diagnostic,1,production-tiered,after,12,224300709
post-clean-diagnostic,1,production-tiered,after,13,263600417
post-clean-diagnostic,1,production-tiered,after,14,225504583
post-clean-diagnostic,1,production-tiered,after,15,180930000
post-clean-diagnostic,1,production-tiered,after,16,195825875
post-clean-diagnostic,1,production-tiered,after,17,210829458
post-clean-diagnostic,1,production-tiered,after,18,240402708
post-clean-diagnostic,1,production-tiered,after,19,270867084
post-clean-diagnostic,1,production-tiered,after,20,214294459
post-clean-diagnostic,2,interpreter,before,1,785277000
post-clean-diagnostic,2,interpreter,before,2,802852000
post-clean-diagnostic,2,interpreter,before,3,821980083
post-clean-diagnostic,2,interpreter,before,4,744478042
post-clean-diagnostic,2,interpreter,before,5,758670834
post-clean-diagnostic,2,interpreter,before,6,744977875
post-clean-diagnostic,2,interpreter,before,7,795066250
post-clean-diagnostic,2,interpreter,before,8,742552958
post-clean-diagnostic,2,interpreter,before,9,823904958
post-clean-diagnostic,2,interpreter,before,10,804778667
post-clean-diagnostic,2,interpreter,before,11,774155958
post-clean-diagnostic,2,interpreter,before,12,774697666
post-clean-diagnostic,2,interpreter,before,13,741705500
post-clean-diagnostic,2,interpreter,before,14,759790042
post-clean-diagnostic,2,interpreter,before,15,900635041
post-clean-diagnostic,2,interpreter,before,16,814826542
post-clean-diagnostic,2,interpreter,before,17,793531875
post-clean-diagnostic,2,interpreter,before,18,746655042
post-clean-diagnostic,2,interpreter,before,19,822410000
post-clean-diagnostic,2,interpreter,before,20,812314833
post-clean-diagnostic,2,interpreter,after,1,447469125
post-clean-diagnostic,2,interpreter,after,2,526297167
post-clean-diagnostic,2,interpreter,after,3,588687375
post-clean-diagnostic,2,interpreter,after,4,507428750
post-clean-diagnostic,2,interpreter,after,5,609185125
post-clean-diagnostic,2,interpreter,after,6,683328542
post-clean-diagnostic,2,interpreter,after,7,535483958
post-clean-diagnostic,2,interpreter,after,8,443142459
post-clean-diagnostic,2,interpreter,after,9,414409167
post-clean-diagnostic,2,interpreter,after,10,513091167
post-clean-diagnostic,2,interpreter,after,11,493410833
post-clean-diagnostic,2,interpreter,after,12,453691125
post-clean-diagnostic,2,interpreter,after,13,412032458
post-clean-diagnostic,2,interpreter,after,14,434601625
post-clean-diagnostic,2,interpreter,after,15,508148708
post-clean-diagnostic,2,interpreter,after,16,557826416
post-clean-diagnostic,2,interpreter,after,17,520314375
post-clean-diagnostic,2,interpreter,after,18,440929958
post-clean-diagnostic,2,interpreter,after,19,453548375
post-clean-diagnostic,2,interpreter,after,20,434028917
post-clean-diagnostic,2,template,before,1,229668042
post-clean-diagnostic,2,template,before,2,230632709
post-clean-diagnostic,2,template,before,3,235625666
post-clean-diagnostic,2,template,before,4,201847959
post-clean-diagnostic,2,template,before,5,177680458
post-clean-diagnostic,2,template,before,6,190657334
post-clean-diagnostic,2,template,before,7,210176875
post-clean-diagnostic,2,template,before,8,211254917
post-clean-diagnostic,2,template,before,9,236056167
post-clean-diagnostic,2,template,before,10,199373542
post-clean-diagnostic,2,template,before,11,217445500
post-clean-diagnostic,2,template,before,12,190680333
post-clean-diagnostic,2,template,before,13,180840292
post-clean-diagnostic,2,template,before,14,177013292
post-clean-diagnostic,2,template,before,15,173652666
post-clean-diagnostic,2,template,before,16,295498125
post-clean-diagnostic,2,template,before,17,231456625
post-clean-diagnostic,2,template,before,18,254813750
post-clean-diagnostic,2,template,before,19,198544250
post-clean-diagnostic,2,template,before,20,180195083
post-clean-diagnostic,2,template,after,1,180319541
post-clean-diagnostic,2,template,after,2,141939209
post-clean-diagnostic,2,template,after,3,177638375
post-clean-diagnostic,2,template,after,4,237151250
post-clean-diagnostic,2,template,after,5,152440375
post-clean-diagnostic,2,template,after,6,159465583
post-clean-diagnostic,2,template,after,7,155795542
post-clean-diagnostic,2,template,after,8,190036958
post-clean-diagnostic,2,template,after,9,145266958
post-clean-diagnostic,2,template,after,10,164977500
post-clean-diagnostic,2,template,after,11,151205416
post-clean-diagnostic,2,template,after,12,149062458
post-clean-diagnostic,2,template,after,13,146837625
post-clean-diagnostic,2,template,after,14,201282625
post-clean-diagnostic,2,template,after,15,264791000
post-clean-diagnostic,2,template,after,16,200331000
post-clean-diagnostic,2,template,after,17,143155750
post-clean-diagnostic,2,template,after,18,147891625
post-clean-diagnostic,2,template,after,19,170022417
post-clean-diagnostic,2,template,after,20,147235291
post-clean-diagnostic,2,production-tiered,before,1,240721208
post-clean-diagnostic,2,production-tiered,before,2,275696958
post-clean-diagnostic,2,production-tiered,before,3,331165625
post-clean-diagnostic,2,production-tiered,before,4,274776917
post-clean-diagnostic,2,production-tiered,before,5,237312667
post-clean-diagnostic,2,production-tiered,before,6,265095500
post-clean-diagnostic,2,production-tiered,before,7,321598125
post-clean-diagnostic,2,production-tiered,before,8,282830583
post-clean-diagnostic,2,production-tiered,before,9,228259208
post-clean-diagnostic,2,production-tiered,before,10,263276625
post-clean-diagnostic,2,production-tiered,before,11,238335459
post-clean-diagnostic,2,production-tiered,before,12,257518209
post-clean-diagnostic,2,production-tiered,before,13,252135166
post-clean-diagnostic,2,production-tiered,before,14,284659875
post-clean-diagnostic,2,production-tiered,before,15,239954458
post-clean-diagnostic,2,production-tiered,before,16,236458917
post-clean-diagnostic,2,production-tiered,before,17,298190541
post-clean-diagnostic,2,production-tiered,before,18,253520791
post-clean-diagnostic,2,production-tiered,before,19,218493000
post-clean-diagnostic,2,production-tiered,before,20,238842792
post-clean-diagnostic,2,production-tiered,after,1,356711500
post-clean-diagnostic,2,production-tiered,after,2,320786792
post-clean-diagnostic,2,production-tiered,after,3,357849625
post-clean-diagnostic,2,production-tiered,after,4,359391042
post-clean-diagnostic,2,production-tiered,after,5,326362500
post-clean-diagnostic,2,production-tiered,after,6,319499084
post-clean-diagnostic,2,production-tiered,after,7,344815750
post-clean-diagnostic,2,production-tiered,after,8,332403750
post-clean-diagnostic,2,production-tiered,after,9,360180667
post-clean-diagnostic,2,production-tiered,after,10,348275166
post-clean-diagnostic,2,production-tiered,after,11,346180625
post-clean-diagnostic,2,production-tiered,after,12,370706375
post-clean-diagnostic,2,production-tiered,after,13,322136708
post-clean-diagnostic,2,production-tiered,after,14,311395209
post-clean-diagnostic,2,production-tiered,after,15,343478000
post-clean-diagnostic,2,production-tiered,after,16,360428208
post-clean-diagnostic,2,production-tiered,after,17,315221125
post-clean-diagnostic,2,production-tiered,after,18,334160625
post-clean-diagnostic,2,production-tiered,after,19,359776125
post-clean-diagnostic,2,production-tiered,after,20,316010875
post-clean-diagnostic,3,interpreter,before,1,520647458
post-clean-diagnostic,3,interpreter,before,2,409147916
post-clean-diagnostic,3,interpreter,before,3,479425667
post-clean-diagnostic,3,interpreter,before,4,517480250
post-clean-diagnostic,3,interpreter,before,5,512036833
post-clean-diagnostic,3,interpreter,before,6,419963667
post-clean-diagnostic,3,interpreter,before,7,501649500
post-clean-diagnostic,3,interpreter,before,8,388403042
post-clean-diagnostic,3,interpreter,before,9,435760458
post-clean-diagnostic,3,interpreter,before,10,480445083
post-clean-diagnostic,3,interpreter,before,11,410922500
post-clean-diagnostic,3,interpreter,before,12,412136375
post-clean-diagnostic,3,interpreter,before,13,447555667
post-clean-diagnostic,3,interpreter,before,14,624925875
post-clean-diagnostic,3,interpreter,before,15,420012667
post-clean-diagnostic,3,interpreter,before,16,417728166
post-clean-diagnostic,3,interpreter,before,17,434669584
post-clean-diagnostic,3,interpreter,before,18,419999750
post-clean-diagnostic,3,interpreter,before,19,403003375
post-clean-diagnostic,3,interpreter,before,20,410093084
post-clean-diagnostic,3,interpreter,after,1,374779208
post-clean-diagnostic,3,interpreter,after,2,393661000
post-clean-diagnostic,3,interpreter,after,3,394123167
post-clean-diagnostic,3,interpreter,after,4,449131667
post-clean-diagnostic,3,interpreter,after,5,430529375
post-clean-diagnostic,3,interpreter,after,6,547163250
post-clean-diagnostic,3,interpreter,after,7,414899042
post-clean-diagnostic,3,interpreter,after,8,395979416
post-clean-diagnostic,3,interpreter,after,9,437106916
post-clean-diagnostic,3,interpreter,after,10,478426500
post-clean-diagnostic,3,interpreter,after,11,466603250
post-clean-diagnostic,3,interpreter,after,12,547526666
post-clean-diagnostic,3,interpreter,after,13,458370541
post-clean-diagnostic,3,interpreter,after,14,399477125
post-clean-diagnostic,3,interpreter,after,15,417805167
post-clean-diagnostic,3,interpreter,after,16,410772417
post-clean-diagnostic,3,interpreter,after,17,433144334
post-clean-diagnostic,3,interpreter,after,18,366889833
post-clean-diagnostic,3,interpreter,after,19,385137791
post-clean-diagnostic,3,interpreter,after,20,401330500
post-clean-diagnostic,3,template,before,1,309278792
post-clean-diagnostic,3,template,before,2,235637125
post-clean-diagnostic,3,template,before,3,240560833
post-clean-diagnostic,3,template,before,4,203844958
post-clean-diagnostic,3,template,before,5,175875125
post-clean-diagnostic,3,template,before,6,195534125
post-clean-diagnostic,3,template,before,7,196396333
post-clean-diagnostic,3,template,before,8,225338791
post-clean-diagnostic,3,template,before,9,200863292
post-clean-diagnostic,3,template,before,10,240453917
post-clean-diagnostic,3,template,before,11,179137875
post-clean-diagnostic,3,template,before,12,198395500
post-clean-diagnostic,3,template,before,13,206008458
post-clean-diagnostic,3,template,before,14,198164625
post-clean-diagnostic,3,template,before,15,277518250
post-clean-diagnostic,3,template,before,16,196366000
post-clean-diagnostic,3,template,before,17,189293625
post-clean-diagnostic,3,template,before,18,173845958
post-clean-diagnostic,3,template,before,19,193551791
post-clean-diagnostic,3,template,before,20,264739125
post-clean-diagnostic,3,template,after,1,259869750
post-clean-diagnostic,3,template,after,2,157792833
post-clean-diagnostic,3,template,after,3,200799375
post-clean-diagnostic,3,template,after,4,147066042
post-clean-diagnostic,3,template,after,5,151713542
post-clean-diagnostic,3,template,after,6,155000083
post-clean-diagnostic,3,template,after,7,168012000
post-clean-diagnostic,3,template,after,8,162690750
post-clean-diagnostic,3,template,after,9,168460042
post-clean-diagnostic,3,template,after,10,224423417
post-clean-diagnostic,3,template,after,11,188185791
post-clean-diagnostic,3,template,after,12,166713292
post-clean-diagnostic,3,template,after,13,158014250
post-clean-diagnostic,3,template,after,14,147300542
post-clean-diagnostic,3,template,after,15,143707083
post-clean-diagnostic,3,template,after,16,147303041
post-clean-diagnostic,3,template,after,17,153785375
post-clean-diagnostic,3,template,after,18,229342375
post-clean-diagnostic,3,template,after,19,156212875
post-clean-diagnostic,3,template,after,20,161143166
post-clean-diagnostic,3,production-tiered,before,1,240155084
post-clean-diagnostic,3,production-tiered,before,2,232856166
post-clean-diagnostic,3,production-tiered,before,3,244711625
post-clean-diagnostic,3,production-tiered,before,4,231774917
post-clean-diagnostic,3,production-tiered,before,5,233866625
post-clean-diagnostic,3,production-tiered,before,6,238381959
post-clean-diagnostic,3,production-tiered,before,7,212003125
post-clean-diagnostic,3,production-tiered,before,8,217234208
post-clean-diagnostic,3,production-tiered,before,9,227301000
post-clean-diagnostic,3,production-tiered,before,10,242516750
post-clean-diagnostic,3,production-tiered,before,11,226709458
post-clean-diagnostic,3,production-tiered,before,12,232352125
post-clean-diagnostic,3,production-tiered,before,13,224301500
post-clean-diagnostic,3,production-tiered,before,14,231584958
post-clean-diagnostic,3,production-tiered,before,15,289333083
post-clean-diagnostic,3,production-tiered,before,16,231550792
post-clean-diagnostic,3,production-tiered,before,17,226215209
post-clean-diagnostic,3,production-tiered,before,18,293381542
post-clean-diagnostic,3,production-tiered,before,19,216611083
post-clean-diagnostic,3,production-tiered,before,20,237577875
post-clean-diagnostic,3,production-tiered,after,1,192802167
post-clean-diagnostic,3,production-tiered,after,2,246694375
post-clean-diagnostic,3,production-tiered,after,3,190233083
post-clean-diagnostic,3,production-tiered,after,4,200710250
post-clean-diagnostic,3,production-tiered,after,5,287972750
post-clean-diagnostic,3,production-tiered,after,6,247558584
post-clean-diagnostic,3,production-tiered,after,7,179987583
post-clean-diagnostic,3,production-tiered,after,8,192230375
post-clean-diagnostic,3,production-tiered,after,9,187251333
post-clean-diagnostic,3,production-tiered,after,10,218513875
post-clean-diagnostic,3,production-tiered,after,11,188329042
post-clean-diagnostic,3,production-tiered,after,12,178812375
post-clean-diagnostic,3,production-tiered,after,13,179545375
post-clean-diagnostic,3,production-tiered,after,14,182707583
post-clean-diagnostic,3,production-tiered,after,15,183422417
post-clean-diagnostic,3,production-tiered,after,16,180116625
post-clean-diagnostic,3,production-tiered,after,17,183217292
post-clean-diagnostic,3,production-tiered,after,18,180841417
post-clean-diagnostic,3,production-tiered,after,19,183312167
post-clean-diagnostic,3,production-tiered,after,20,180011208
pre-ordering,1,interpreter,before,1,445036041
pre-ordering,1,interpreter,before,2,479201292
pre-ordering,1,interpreter,before,3,476678125
pre-ordering,1,interpreter,before,4,490937375
pre-ordering,1,interpreter,before,5,455748833
pre-ordering,1,interpreter,before,6,447072708
pre-ordering,1,interpreter,before,7,390779291
pre-ordering,1,interpreter,before,8,452877292
pre-ordering,1,interpreter,before,9,529010167
pre-ordering,1,interpreter,before,10,454323000
pre-ordering,1,interpreter,before,11,397241125
pre-ordering,1,interpreter,before,12,493949750
pre-ordering,1,interpreter,before,13,419911792
pre-ordering,1,interpreter,before,14,431267833
pre-ordering,1,interpreter,before,15,429214792
pre-ordering,1,interpreter,before,16,467017667
pre-ordering,1,interpreter,before,17,408629917
pre-ordering,1,interpreter,before,18,392148584
pre-ordering,1,interpreter,before,19,431390500
pre-ordering,1,interpreter,before,20,483000709
pre-ordering,1,interpreter,after,1,467568791
pre-ordering,1,interpreter,after,2,450587583
pre-ordering,1,interpreter,after,3,477887959
pre-ordering,1,interpreter,after,4,415985416
pre-ordering,1,interpreter,after,5,406043583
pre-ordering,1,interpreter,after,6,505267375
pre-ordering,1,interpreter,after,7,415047875
pre-ordering,1,interpreter,after,8,511193417
pre-ordering,1,interpreter,after,9,494832958
pre-ordering,1,interpreter,after,10,403463709
pre-ordering,1,interpreter,after,11,447786083
pre-ordering,1,interpreter,after,12,678462792
pre-ordering,1,interpreter,after,13,744278250
pre-ordering,1,interpreter,after,14,588013334
pre-ordering,1,interpreter,after,15,637143875
pre-ordering,1,interpreter,after,16,484376625
pre-ordering,1,interpreter,after,17,386803708
pre-ordering,1,interpreter,after,18,464487625
pre-ordering,1,interpreter,after,19,376214792
pre-ordering,1,interpreter,after,20,372984125
pre-ordering,1,template,before,1,175179708
pre-ordering,1,template,before,2,176373500
pre-ordering,1,template,before,3,176382292
pre-ordering,1,template,before,4,176895209
pre-ordering,1,template,before,5,176438667
pre-ordering,1,template,before,6,176480000
pre-ordering,1,template,before,7,178845167
pre-ordering,1,template,before,8,176705041
pre-ordering,1,template,before,9,176148917
pre-ordering,1,template,before,10,175962375
pre-ordering,1,template,before,11,176273000
pre-ordering,1,template,before,12,184132625
pre-ordering,1,template,before,13,176155917
pre-ordering,1,template,before,14,177157583
pre-ordering,1,template,before,15,176617333
pre-ordering,1,template,before,16,176643958
pre-ordering,1,template,before,17,176693500
pre-ordering,1,template,before,18,176010208
pre-ordering,1,template,before,19,176139625
pre-ordering,1,template,before,20,176111333
pre-ordering,1,template,after,1,137685041
pre-ordering,1,template,after,2,136057166
pre-ordering,1,template,after,3,139168584
pre-ordering,1,template,after,4,173602625
pre-ordering,1,template,after,5,140502833
pre-ordering,1,template,after,6,141589750
pre-ordering,1,template,after,7,140819500
pre-ordering,1,template,after,8,150321959
pre-ordering,1,template,after,9,141328250
pre-ordering,1,template,after,10,140397459
pre-ordering,1,template,after,11,140217083
pre-ordering,1,template,after,12,141758000
pre-ordering,1,template,after,13,140883500
pre-ordering,1,template,after,14,140673167
pre-ordering,1,template,after,15,140720042
pre-ordering,1,template,after,16,140799208
pre-ordering,1,template,after,17,140764459
pre-ordering,1,template,after,18,140693833
pre-ordering,1,template,after,19,141494959
pre-ordering,1,template,after,20,146436584
pre-ordering,1,production-tiered,before,1,236620458
pre-ordering,1,production-tiered,before,2,253794500
pre-ordering,1,production-tiered,before,3,241542458
pre-ordering,1,production-tiered,before,4,238157250
pre-ordering,1,production-tiered,before,5,238564833
pre-ordering,1,production-tiered,before,6,251011166
pre-ordering,1,production-tiered,before,7,238486750
pre-ordering,1,production-tiered,before,8,262561625
pre-ordering,1,production-tiered,before,9,237381542
pre-ordering,1,production-tiered,before,10,240163417
pre-ordering,1,production-tiered,before,11,232315125
pre-ordering,1,production-tiered,before,12,239949417
pre-ordering,1,production-tiered,before,13,245502500
pre-ordering,1,production-tiered,before,14,254585000
pre-ordering,1,production-tiered,before,15,248025625
pre-ordering,1,production-tiered,before,16,240210792
pre-ordering,1,production-tiered,before,17,252411458
pre-ordering,1,production-tiered,before,18,245768375
pre-ordering,1,production-tiered,before,19,235306208
pre-ordering,1,production-tiered,before,20,349989375
pre-ordering,1,production-tiered,after,1,235132833
pre-ordering,1,production-tiered,after,2,280952625
pre-ordering,1,production-tiered,after,3,223836042
pre-ordering,1,production-tiered,after,4,292855459
pre-ordering,1,production-tiered,after,5,303329750
pre-ordering,1,production-tiered,after,6,238396958
pre-ordering,1,production-tiered,after,7,274540041
pre-ordering,1,production-tiered,after,8,238273500
pre-ordering,1,production-tiered,after,9,190241958
pre-ordering,1,production-tiered,after,10,195510208
pre-ordering,1,production-tiered,after,11,174934333
pre-ordering,1,production-tiered,after,12,171262875
pre-ordering,1,production-tiered,after,13,188661042
pre-ordering,1,production-tiered,after,14,186423708
pre-ordering,1,production-tiered,after,15,172924000
pre-ordering,1,production-tiered,after,16,212581750
pre-ordering,1,production-tiered,after,17,174892667
pre-ordering,1,production-tiered,after,18,171334542
pre-ordering,1,production-tiered,after,19,176230000
pre-ordering,1,production-tiered,after,20,180609417
pre-ordering,2,interpreter,before,1,366262625
pre-ordering,2,interpreter,before,2,361991458
pre-ordering,2,interpreter,before,3,365676375
pre-ordering,2,interpreter,before,4,381487709
pre-ordering,2,interpreter,before,5,363816375
pre-ordering,2,interpreter,before,6,364831375
pre-ordering,2,interpreter,before,7,368149917
pre-ordering,2,interpreter,before,8,359566042
pre-ordering,2,interpreter,before,9,364737667
pre-ordering,2,interpreter,before,10,367872750
pre-ordering,2,interpreter,before,11,391305667
pre-ordering,2,interpreter,before,12,368916917
pre-ordering,2,interpreter,before,13,368014167
pre-ordering,2,interpreter,before,14,380868000
pre-ordering,2,interpreter,before,15,364947208
pre-ordering,2,interpreter,before,16,367483292
pre-ordering,2,interpreter,before,17,401703333
pre-ordering,2,interpreter,before,18,366502875
pre-ordering,2,interpreter,before,19,362152083
pre-ordering,2,interpreter,before,20,376707917
pre-ordering,2,interpreter,after,1,387470792
pre-ordering,2,interpreter,after,2,389168625
pre-ordering,2,interpreter,after,3,382698334
pre-ordering,2,interpreter,after,4,385731375
pre-ordering,2,interpreter,after,5,380096667
pre-ordering,2,interpreter,after,6,401664000
pre-ordering,2,interpreter,after,7,382706417
pre-ordering,2,interpreter,after,8,380534000
pre-ordering,2,interpreter,after,9,382736500
pre-ordering,2,interpreter,after,10,381015000
pre-ordering,2,interpreter,after,11,368727625
pre-ordering,2,interpreter,after,12,368868542
pre-ordering,2,interpreter,after,13,385080666
pre-ordering,2,interpreter,after,14,372517958
pre-ordering,2,interpreter,after,15,371390000
pre-ordering,2,interpreter,after,16,368740916
pre-ordering,2,interpreter,after,17,384764083
pre-ordering,2,interpreter,after,18,370588875
pre-ordering,2,interpreter,after,19,371606584
pre-ordering,2,interpreter,after,20,369612125
pre-ordering,2,template,before,1,168932292
pre-ordering,2,template,before,2,171464250
pre-ordering,2,template,before,3,169401542
pre-ordering,2,template,before,4,171043750
pre-ordering,2,template,before,5,171669125
pre-ordering,2,template,before,6,168817292
pre-ordering,2,template,before,7,168912833
pre-ordering,2,template,before,8,169071333
pre-ordering,2,template,before,9,213504167
pre-ordering,2,template,before,10,169492084
pre-ordering,2,template,before,11,182417125
pre-ordering,2,template,before,12,190440584
pre-ordering,2,template,before,13,179028542
pre-ordering,2,template,before,14,221771042
pre-ordering,2,template,before,15,185538709
pre-ordering,2,template,before,16,174570834
pre-ordering,2,template,before,17,173290000
pre-ordering,2,template,before,18,174172750
pre-ordering,2,template,before,19,184466917
pre-ordering,2,template,before,20,177371417
pre-ordering,2,template,after,1,138321667
pre-ordering,2,template,after,2,138920625
pre-ordering,2,template,after,3,136640000
pre-ordering,2,template,after,4,136368791
pre-ordering,2,template,after,5,137886417
pre-ordering,2,template,after,6,137805584
pre-ordering,2,template,after,7,136593250
pre-ordering,2,template,after,8,136777000
pre-ordering,2,template,after,9,137574625
pre-ordering,2,template,after,10,136357542
pre-ordering,2,template,after,11,136332000
pre-ordering,2,template,after,12,136440917
pre-ordering,2,template,after,13,136046459
pre-ordering,2,template,after,14,162266084
pre-ordering,2,template,after,15,137697000
pre-ordering,2,template,after,16,136569625
pre-ordering,2,template,after,17,136258208
pre-ordering,2,template,after,18,135936750
pre-ordering,2,template,after,19,136458208
pre-ordering,2,template,after,20,138008334
pre-ordering,2,production-tiered,before,1,217304625
pre-ordering,2,production-tiered,before,2,221234709
pre-ordering,2,production-tiered,before,3,219281166
pre-ordering,2,production-tiered,before,4,217228000
pre-ordering,2,production-tiered,before,5,216005500
pre-ordering,2,production-tiered,before,6,216012458
pre-ordering,2,production-tiered,before,7,217785875
pre-ordering,2,production-tiered,before,8,216414792
pre-ordering,2,production-tiered,before,9,216910750
pre-ordering,2,production-tiered,before,10,216291666
pre-ordering,2,production-tiered,before,11,216530459
pre-ordering,2,production-tiered,before,12,216722834
pre-ordering,2,production-tiered,before,13,226716417
pre-ordering,2,production-tiered,before,14,220233833
pre-ordering,2,production-tiered,before,15,216920375
pre-ordering,2,production-tiered,before,16,217807791
pre-ordering,2,production-tiered,before,17,216351958
pre-ordering,2,production-tiered,before,18,216433000
pre-ordering,2,production-tiered,before,19,218993625
pre-ordering,2,production-tiered,before,20,217296250
pre-ordering,2,production-tiered,after,1,169327834
pre-ordering,2,production-tiered,after,2,173837958
pre-ordering,2,production-tiered,after,3,169581834
pre-ordering,2,production-tiered,after,4,171254584
pre-ordering,2,production-tiered,after,5,170803000
pre-ordering,2,production-tiered,after,6,171525500
pre-ordering,2,production-tiered,after,7,172635083
pre-ordering,2,production-tiered,after,8,170941458
pre-ordering,2,production-tiered,after,9,170880250
pre-ordering,2,production-tiered,after,10,170970584
pre-ordering,2,production-tiered,after,11,172122625
pre-ordering,2,production-tiered,after,12,258880167
pre-ordering,2,production-tiered,after,13,196439583
pre-ordering,2,production-tiered,after,14,189597750
pre-ordering,2,production-tiered,after,15,272952625
pre-ordering,2,production-tiered,after,16,173334625
pre-ordering,2,production-tiered,after,17,178372333
pre-ordering,2,production-tiered,after,18,188868375
pre-ordering,2,production-tiered,after,19,185955292
pre-ordering,2,production-tiered,after,20,174931625
pre-ordering,3,interpreter,before,1,395372500
pre-ordering,3,interpreter,before,2,381698959
pre-ordering,3,interpreter,before,3,381717417
pre-ordering,3,interpreter,before,4,376424750
pre-ordering,3,interpreter,before,5,383739792
pre-ordering,3,interpreter,before,6,374793667
pre-ordering,3,interpreter,before,7,426821500
pre-ordering,3,interpreter,before,8,532731750
pre-ordering,3,interpreter,before,9,437877208
pre-ordering,3,interpreter,before,10,456163125
pre-ordering,3,interpreter,before,11,427711250
pre-ordering,3,interpreter,before,12,425318042
pre-ordering,3,interpreter,before,13,422872042
pre-ordering,3,interpreter,before,14,461681542
pre-ordering,3,interpreter,before,15,409715084
pre-ordering,3,interpreter,before,16,405883541
pre-ordering,3,interpreter,before,17,423427958
pre-ordering,3,interpreter,before,18,409619584
pre-ordering,3,interpreter,before,19,420014667
pre-ordering,3,interpreter,before,20,411616125
pre-ordering,3,interpreter,after,1,412890541
pre-ordering,3,interpreter,after,2,411599625
pre-ordering,3,interpreter,after,3,389369625
pre-ordering,3,interpreter,after,4,380564250
pre-ordering,3,interpreter,after,5,391922417
pre-ordering,3,interpreter,after,6,382515042
pre-ordering,3,interpreter,after,7,382910375
pre-ordering,3,interpreter,after,8,402293416
pre-ordering,3,interpreter,after,9,381364167
pre-ordering,3,interpreter,after,10,398847042
pre-ordering,3,interpreter,after,11,390590917
pre-ordering,3,interpreter,after,12,396946458
pre-ordering,3,interpreter,after,13,397571167
pre-ordering,3,interpreter,after,14,384023750
pre-ordering,3,interpreter,after,15,379416833
pre-ordering,3,interpreter,after,16,380566250
pre-ordering,3,interpreter,after,17,383109708
pre-ordering,3,interpreter,after,18,384627458
pre-ordering,3,interpreter,after,19,381445375
pre-ordering,3,interpreter,after,20,461989500
pre-ordering,3,template,before,1,173191958
pre-ordering,3,template,before,2,175585000
pre-ordering,3,template,before,3,171850042
pre-ordering,3,template,before,4,177889125
pre-ordering,3,template,before,5,172669959
pre-ordering,3,template,before,6,172681250
pre-ordering,3,template,before,7,172760208
pre-ordering,3,template,before,8,172528792
pre-ordering,3,template,before,9,173563500
pre-ordering,3,template,before,10,173069792
pre-ordering,3,template,before,11,172134709
pre-ordering,3,template,before,12,172170584
pre-ordering,3,template,before,13,180680875
pre-ordering,3,template,before,14,175871292
pre-ordering,3,template,before,15,173501958
pre-ordering,3,template,before,16,172683583
pre-ordering,3,template,before,17,173172667
pre-ordering,3,template,before,18,172713083
pre-ordering,3,template,before,19,171796625
pre-ordering,3,template,before,20,175293416
pre-ordering,3,template,after,1,138255667
pre-ordering,3,template,after,2,139346666
pre-ordering,3,template,after,3,139302542
pre-ordering,3,template,after,4,140323125
pre-ordering,3,template,after,5,140016500
pre-ordering,3,template,after,6,146294250
pre-ordering,3,template,after,7,140333375
pre-ordering,3,template,after,8,138880250
pre-ordering,3,template,after,9,139837916
pre-ordering,3,template,after,10,141387167
pre-ordering,3,template,after,11,140117417
pre-ordering,3,template,after,12,139715709
pre-ordering,3,template,after,13,140229209
pre-ordering,3,template,after,14,139576334
pre-ordering,3,template,after,15,139623625
pre-ordering,3,template,after,16,140407750
pre-ordering,3,template,after,17,139099458
pre-ordering,3,template,after,18,138907917
pre-ordering,3,template,after,19,138745000
pre-ordering,3,template,after,20,140192041
pre-ordering,3,production-tiered,before,1,224635208
pre-ordering,3,production-tiered,before,2,219900834
pre-ordering,3,production-tiered,before,3,217664333
pre-ordering,3,production-tiered,before,4,214391416
pre-ordering,3,production-tiered,before,5,215919875
pre-ordering,3,production-tiered,before,6,261405417
pre-ordering,3,production-tiered,before,7,214224042
pre-ordering,3,production-tiered,before,8,214114500
pre-ordering,3,production-tiered,before,9,214676625
pre-ordering,3,production-tiered,before,10,215275500
pre-ordering,3,production-tiered,before,11,214128834
pre-ordering,3,production-tiered,before,12,215931083
pre-ordering,3,production-tiered,before,13,226043125
pre-ordering,3,production-tiered,before,14,218612042
pre-ordering,3,production-tiered,before,15,216496709
pre-ordering,3,production-tiered,before,16,320274625
pre-ordering,3,production-tiered,before,17,217814167
pre-ordering,3,production-tiered,before,18,219709583
pre-ordering,3,production-tiered,before,19,218888875
pre-ordering,3,production-tiered,before,20,217912541
pre-ordering,3,production-tiered,after,1,170184375
pre-ordering,3,production-tiered,after,2,169552083
pre-ordering,3,production-tiered,after,3,176755542
pre-ordering,3,production-tiered,after,4,236782833
pre-ordering,3,production-tiered,after,5,194967791
pre-ordering,3,production-tiered,after,6,192799083
pre-ordering,3,production-tiered,after,7,185711833
pre-ordering,3,production-tiered,after,8,190723416
pre-ordering,3,production-tiered,after,9,203693750
pre-ordering,3,production-tiered,after,10,188325250
pre-ordering,3,production-tiered,after,11,186187792
pre-ordering,3,production-tiered,after,12,192729125
pre-ordering,3,production-tiered,after,13,195219708
pre-ordering,3,production-tiered,after,14,185414667
pre-ordering,3,production-tiered,after,15,183655958
pre-ordering,3,production-tiered,after,16,188255041
pre-ordering,3,production-tiered,after,17,183433875
pre-ordering,3,production-tiered,after,18,193973125
pre-ordering,3,production-tiered,after,19,187332166
pre-ordering,3,production-tiered,after,20,209974625
interpreter-control,1,interpreter,before,1,486278917
interpreter-control,1,interpreter,before,2,573980750
interpreter-control,1,interpreter,before,3,586215042
interpreter-control,1,interpreter,before,4,633729209
interpreter-control,1,interpreter,before,5,460466209
interpreter-control,1,interpreter,before,6,485520709
interpreter-control,1,interpreter,before,7,467971167
interpreter-control,1,interpreter,before,8,564071709
interpreter-control,1,interpreter,before,9,457123958
interpreter-control,1,interpreter,before,10,403601958
interpreter-control,1,interpreter,before,11,420295583
interpreter-control,1,interpreter,before,12,638997459
interpreter-control,1,interpreter,before,13,449153750
interpreter-control,1,interpreter,before,14,609295291
interpreter-control,1,interpreter,before,15,493913417
interpreter-control,1,interpreter,before,16,468054583
interpreter-control,1,interpreter,before,17,528414459
interpreter-control,1,interpreter,before,18,584170166
interpreter-control,1,interpreter,before,19,519038292
interpreter-control,1,interpreter,before,20,437846291
interpreter-control,1,interpreter,after,1,548164959
interpreter-control,1,interpreter,after,2,552938667
interpreter-control,1,interpreter,after,3,489480791
interpreter-control,1,interpreter,after,4,522450958
interpreter-control,1,interpreter,after,5,443807458
interpreter-control,1,interpreter,after,6,474283625
interpreter-control,1,interpreter,after,7,569399459
interpreter-control,1,interpreter,after,8,616907000
interpreter-control,1,interpreter,after,9,455652291
interpreter-control,1,interpreter,after,10,467114334
interpreter-control,1,interpreter,after,11,565324667
interpreter-control,1,interpreter,after,12,509464500
interpreter-control,1,interpreter,after,13,518015416
interpreter-control,1,interpreter,after,14,464241167
interpreter-control,1,interpreter,after,15,531096125
interpreter-control,1,interpreter,after,16,567659083
interpreter-control,1,interpreter,after,17,476128625
interpreter-control,1,interpreter,after,18,663608375
interpreter-control,1,interpreter,after,19,507474625
interpreter-control,1,interpreter,after,20,511273792
interpreter-control,2,interpreter,before,1,860408959
interpreter-control,2,interpreter,before,2,1013313500
interpreter-control,2,interpreter,before,3,1053690042
interpreter-control,2,interpreter,before,4,1000755584
interpreter-control,2,interpreter,before,5,1122871709
interpreter-control,2,interpreter,before,6,1005015250
interpreter-control,2,interpreter,before,7,1080724167
interpreter-control,2,interpreter,before,8,971908917
interpreter-control,2,interpreter,before,9,978275791
interpreter-control,2,interpreter,before,10,978846667
interpreter-control,2,interpreter,before,11,1026906292
interpreter-control,2,interpreter,before,12,981547167
interpreter-control,2,interpreter,before,13,976665583
interpreter-control,2,interpreter,before,14,1066390542
interpreter-control,2,interpreter,before,15,945714917
interpreter-control,2,interpreter,before,16,1020348583
interpreter-control,2,interpreter,before,17,1015245000
interpreter-control,2,interpreter,before,18,1071944417
interpreter-control,2,interpreter,before,19,993049083
interpreter-control,2,interpreter,before,20,999728959
interpreter-control,2,interpreter,after,1,458942083
interpreter-control,2,interpreter,after,2,588048916
interpreter-control,2,interpreter,after,3,569397625
interpreter-control,2,interpreter,after,4,472107959
interpreter-control,2,interpreter,after,5,482977375
interpreter-control,2,interpreter,after,6,593286375
interpreter-control,2,interpreter,after,7,580842167
interpreter-control,2,interpreter,after,8,498222166
interpreter-control,2,interpreter,after,9,629480917
interpreter-control,2,interpreter,after,10,430790583
interpreter-control,2,interpreter,after,11,521515167
interpreter-control,2,interpreter,after,12,431825292
interpreter-control,2,interpreter,after,13,394462916
interpreter-control,2,interpreter,after,14,584717417
interpreter-control,2,interpreter,after,15,450742584
interpreter-control,2,interpreter,after,16,457884166
interpreter-control,2,interpreter,after,17,508530666
interpreter-control,2,interpreter,after,18,708509958
interpreter-control,2,interpreter,after,19,554579084
interpreter-control,2,interpreter,after,20,502077791
interpreter-control,3,interpreter,before,1,572969416
interpreter-control,3,interpreter,before,2,597122208
interpreter-control,3,interpreter,before,3,587535667
interpreter-control,3,interpreter,before,4,525114583
interpreter-control,3,interpreter,before,5,507965416
interpreter-control,3,interpreter,before,6,546211667
interpreter-control,3,interpreter,before,7,564430917
interpreter-control,3,interpreter,before,8,472446292
interpreter-control,3,interpreter,before,9,520601792
interpreter-control,3,interpreter,before,10,590570000
interpreter-control,3,interpreter,before,11,447404458
interpreter-control,3,interpreter,before,12,514636958
interpreter-control,3,interpreter,before,13,498682667
interpreter-control,3,interpreter,before,14,634581875
interpreter-control,3,interpreter,before,15,447334583
interpreter-control,3,interpreter,before,16,543839625
interpreter-control,3,interpreter,before,17,508424084
interpreter-control,3,interpreter,before,18,584528125
interpreter-control,3,interpreter,before,19,460755875
interpreter-control,3,interpreter,before,20,591277666
interpreter-control,3,interpreter,after,1,607646209
interpreter-control,3,interpreter,after,2,457476083
interpreter-control,3,interpreter,after,3,507011709
interpreter-control,3,interpreter,after,4,535722083
interpreter-control,3,interpreter,after,5,567598084
interpreter-control,3,interpreter,after,6,477050541
interpreter-control,3,interpreter,after,7,575606416
interpreter-control,3,interpreter,after,8,430828833
interpreter-control,3,interpreter,after,9,556223125
interpreter-control,3,interpreter,after,10,619225583
interpreter-control,3,interpreter,after,11,503479750
interpreter-control,3,interpreter,after,12,520558542
interpreter-control,3,interpreter,after,13,481708458
interpreter-control,3,interpreter,after,14,471029459
interpreter-control,3,interpreter,after,15,493662000
interpreter-control,3,interpreter,after,16,683217250
interpreter-control,3,interpreter,after,17,444087125
interpreter-control,3,interpreter,after,18,526901500
interpreter-control,3,interpreter,after,19,619384208
interpreter-control,3,interpreter,after,20,474659333
property-only,1,interpreter,before,1,389901584
property-only,1,interpreter,before,2,382062250
property-only,1,interpreter,before,3,398200167
property-only,1,interpreter,before,4,382277166
property-only,1,interpreter,before,5,385602458
property-only,1,interpreter,before,6,385062667
property-only,1,interpreter,before,7,383736500
property-only,1,interpreter,before,8,380121000
property-only,1,interpreter,before,9,384443375
property-only,1,interpreter,before,10,395058500
property-only,1,interpreter,before,11,383201209
property-only,1,interpreter,before,12,383013041
property-only,1,interpreter,before,13,383461083
property-only,1,interpreter,before,14,384361333
property-only,1,interpreter,before,15,379751917
property-only,1,interpreter,before,16,384566208
property-only,1,interpreter,before,17,405278792
property-only,1,interpreter,before,18,384283792
property-only,1,interpreter,before,19,479493959
property-only,1,interpreter,before,20,504334541
property-only,1,interpreter,after,1,393014417
property-only,1,interpreter,after,2,390642959
property-only,1,interpreter,after,3,391055000
property-only,1,interpreter,after,4,397475625
property-only,1,interpreter,after,5,397599709
property-only,1,interpreter,after,6,388370250
property-only,1,interpreter,after,7,387113792
property-only,1,interpreter,after,8,384939458
property-only,1,interpreter,after,9,491663125
property-only,1,interpreter,after,10,393407791
property-only,1,interpreter,after,11,391250500
property-only,1,interpreter,after,12,390469250
property-only,1,interpreter,after,13,403314666
property-only,1,interpreter,after,14,393386583
property-only,1,interpreter,after,15,386205625
property-only,1,interpreter,after,16,391348375
property-only,1,interpreter,after,17,398954625
property-only,1,interpreter,after,18,392012875
property-only,1,interpreter,after,19,394612750
property-only,1,interpreter,after,20,392023667
property-only,1,template,before,1,177958167
property-only,1,template,before,2,179635084
property-only,1,template,before,3,186779167
property-only,1,template,before,4,183435458
property-only,1,template,before,5,177744084
property-only,1,template,before,6,178153042
property-only,1,template,before,7,178408291
property-only,1,template,before,8,178254875
property-only,1,template,before,9,177786083
property-only,1,template,before,10,186755166
property-only,1,template,before,11,181696375
property-only,1,template,before,12,179275625
property-only,1,template,before,13,177854875
property-only,1,template,before,14,178651708
property-only,1,template,before,15,177885292
property-only,1,template,before,16,177736250
property-only,1,template,before,17,177340042
property-only,1,template,before,18,178254791
property-only,1,template,before,19,177728875
property-only,1,template,before,20,177682208
property-only,1,template,after,1,143131666
property-only,1,template,after,2,144104334
property-only,1,template,after,3,144289750
property-only,1,template,after,4,143911750
property-only,1,template,after,5,148392042
property-only,1,template,after,6,151023250
property-only,1,template,after,7,143511959
property-only,1,template,after,8,143150000
property-only,1,template,after,9,143358875
property-only,1,template,after,10,143532625
property-only,1,template,after,11,143178333
property-only,1,template,after,12,151397833
property-only,1,template,after,13,143179750
property-only,1,template,after,14,143766292
property-only,1,template,after,15,142723125
property-only,1,template,after,16,143268291
property-only,1,template,after,17,143159625
property-only,1,template,after,18,144186208
property-only,1,template,after,19,143631375
property-only,1,template,after,20,143215833
property-only,1,production-tiered,before,1,222029833
property-only,1,production-tiered,before,2,221659709
property-only,1,production-tiered,before,3,221893250
property-only,1,production-tiered,before,4,221443042
property-only,1,production-tiered,before,5,233140083
property-only,1,production-tiered,before,6,222148542
property-only,1,production-tiered,before,7,223723792
property-only,1,production-tiered,before,8,228869250
property-only,1,production-tiered,before,9,221536375
property-only,1,production-tiered,before,10,221586916
property-only,1,production-tiered,before,11,221856083
property-only,1,production-tiered,before,12,328857542
property-only,1,production-tiered,before,13,221740958
property-only,1,production-tiered,before,14,220993166
property-only,1,production-tiered,before,15,221989417
property-only,1,production-tiered,before,16,221984459
property-only,1,production-tiered,before,17,220862958
property-only,1,production-tiered,before,18,221334000
property-only,1,production-tiered,before,19,221631708
property-only,1,production-tiered,before,20,222402875
property-only,1,production-tiered,after,1,188017458
property-only,1,production-tiered,after,2,183672958
property-only,1,production-tiered,after,3,175315167
property-only,1,production-tiered,after,4,175393333
property-only,1,production-tiered,after,5,177295291
property-only,1,production-tiered,after,6,212715917
property-only,1,production-tiered,after,7,184031250
property-only,1,production-tiered,after,8,175496458
property-only,1,production-tiered,after,9,175555916
property-only,1,production-tiered,after,10,175440000
property-only,1,production-tiered,after,11,175907166
property-only,1,production-tiered,after,12,179581708
property-only,1,production-tiered,after,13,175038875
property-only,1,production-tiered,after,14,175820084
property-only,1,production-tiered,after,15,174824583
property-only,1,production-tiered,after,16,175763667
property-only,1,production-tiered,after,17,176082250
property-only,1,production-tiered,after,18,175775750
property-only,1,production-tiered,after,19,182523167
property-only,1,production-tiered,after,20,175398250
property-only,2,interpreter,before,1,382559500
property-only,2,interpreter,before,2,387674000
property-only,2,interpreter,before,3,388989500
property-only,2,interpreter,before,4,388710000
property-only,2,interpreter,before,5,393017292
property-only,2,interpreter,before,6,382335209
property-only,2,interpreter,before,7,386095542
property-only,2,interpreter,before,8,388496000
property-only,2,interpreter,before,9,381030500
property-only,2,interpreter,before,10,382797792
property-only,2,interpreter,before,11,383412792
property-only,2,interpreter,before,12,381403833
property-only,2,interpreter,before,13,386152083
property-only,2,interpreter,before,14,383486333
property-only,2,interpreter,before,15,378119917
property-only,2,interpreter,before,16,384426458
property-only,2,interpreter,before,17,382578042
property-only,2,interpreter,before,18,391386375
property-only,2,interpreter,before,19,476357417
property-only,2,interpreter,before,20,382051666
property-only,2,interpreter,after,1,394615416
property-only,2,interpreter,after,2,393494125
property-only,2,interpreter,after,3,396413125
property-only,2,interpreter,after,4,409004584
property-only,2,interpreter,after,5,411206125
property-only,2,interpreter,after,6,390840875
property-only,2,interpreter,after,7,390947084
property-only,2,interpreter,after,8,402746792
property-only,2,interpreter,after,9,401300042
property-only,2,interpreter,after,10,393010125
property-only,2,interpreter,after,11,393180792
property-only,2,interpreter,after,12,393164375
property-only,2,interpreter,after,13,393146625
property-only,2,interpreter,after,14,392187792
property-only,2,interpreter,after,15,388599791
property-only,2,interpreter,after,16,392184458
property-only,2,interpreter,after,17,394270583
property-only,2,interpreter,after,18,392817958
property-only,2,interpreter,after,19,395142042
property-only,2,interpreter,after,20,392860500
property-only,2,template,before,1,178375084
property-only,2,template,before,2,178420333
property-only,2,template,before,3,179140042
property-only,2,template,before,4,187031542
property-only,2,template,before,5,178740709
property-only,2,template,before,6,178363958
property-only,2,template,before,7,178178000
property-only,2,template,before,8,177739833
property-only,2,template,before,9,177957042
property-only,2,template,before,10,178243500
property-only,2,template,before,11,177926625
property-only,2,template,before,12,181101042
property-only,2,template,before,13,178212958
property-only,2,template,before,14,178235500
property-only,2,template,before,15,191676083
property-only,2,template,before,16,178425375
property-only,2,template,before,17,177715417
property-only,2,template,before,18,179353625
property-only,2,template,before,19,179617875
property-only,2,template,before,20,180711375
property-only,2,template,after,1,143934334
property-only,2,template,after,2,142516708
property-only,2,template,after,3,143294292
property-only,2,template,after,4,157057417
property-only,2,template,after,5,146274417
property-only,2,template,after,6,144299625
property-only,2,template,after,7,142642417
property-only,2,template,after,8,143595084
property-only,2,template,after,9,143586500
property-only,2,template,after,10,143557000
property-only,2,template,after,11,142854166
property-only,2,template,after,12,143101709
property-only,2,template,after,13,142786208
property-only,2,template,after,14,142790458
property-only,2,template,after,15,142882125
property-only,2,template,after,16,147516000
property-only,2,template,after,17,146702959
property-only,2,template,after,18,144055625
property-only,2,template,after,19,144590959
property-only,2,template,after,20,143017000
property-only,2,production-tiered,before,1,221437166
property-only,2,production-tiered,before,2,221359959
property-only,2,production-tiered,before,3,222037792
property-only,2,production-tiered,before,4,221342291
property-only,2,production-tiered,before,5,222089875
property-only,2,production-tiered,before,6,223245667
property-only,2,production-tiered,before,7,229576541
property-only,2,production-tiered,before,8,222531375
property-only,2,production-tiered,before,9,222126500
property-only,2,production-tiered,before,10,221474042
property-only,2,production-tiered,before,11,221623916
property-only,2,production-tiered,before,12,222595833
property-only,2,production-tiered,before,13,221518542
property-only,2,production-tiered,before,14,221549625
property-only,2,production-tiered,before,15,222692708
property-only,2,production-tiered,before,16,220992333
property-only,2,production-tiered,before,17,221273625
property-only,2,production-tiered,before,18,221901292
property-only,2,production-tiered,before,19,227001458
property-only,2,production-tiered,before,20,228701167
property-only,2,production-tiered,after,1,174225875
property-only,2,production-tiered,after,2,174921709
property-only,2,production-tiered,after,3,174731792
property-only,2,production-tiered,after,4,174330834
property-only,2,production-tiered,after,5,175838917
property-only,2,production-tiered,after,6,174714000
property-only,2,production-tiered,after,7,174193542
property-only,2,production-tiered,after,8,174422667
property-only,2,production-tiered,after,9,174810416
property-only,2,production-tiered,after,10,173842458
property-only,2,production-tiered,after,11,173602584
property-only,2,production-tiered,after,12,173935459
property-only,2,production-tiered,after,13,178735417
property-only,2,production-tiered,after,14,174169500
property-only,2,production-tiered,after,15,173936584
property-only,2,production-tiered,after,16,173830167
property-only,2,production-tiered,after,17,174071666
property-only,2,production-tiered,after,18,173851667
property-only,2,production-tiered,after,19,174443458
property-only,2,production-tiered,after,20,174301208
property-only,3,interpreter,before,1,389995833
property-only,3,interpreter,before,2,387167834
property-only,3,interpreter,before,3,387607375
property-only,3,interpreter,before,4,390685292
property-only,3,interpreter,before,5,400675334
property-only,3,interpreter,before,6,387682000
property-only,3,interpreter,before,7,387561542
property-only,3,interpreter,before,8,382916500
property-only,3,interpreter,before,9,388105625
property-only,3,interpreter,before,10,395673834
property-only,3,interpreter,before,11,388976875
property-only,3,interpreter,before,12,386928000
property-only,3,interpreter,before,13,389432209
property-only,3,interpreter,before,14,388996792
property-only,3,interpreter,before,15,382245625
property-only,3,interpreter,before,16,486029125
property-only,3,interpreter,before,17,387351750
property-only,3,interpreter,before,18,404787292
property-only,3,interpreter,before,19,389391625
property-only,3,interpreter,before,20,388021250
property-only,3,interpreter,after,1,405065750
property-only,3,interpreter,after,2,396541291
property-only,3,interpreter,after,3,406460708
property-only,3,interpreter,after,4,392231459
property-only,3,interpreter,after,5,392179208
property-only,3,interpreter,after,6,401792542
property-only,3,interpreter,after,7,392729209
property-only,3,interpreter,after,8,389980125
property-only,3,interpreter,after,9,390668042
property-only,3,interpreter,after,10,392661500
property-only,3,interpreter,after,11,393130459
property-only,3,interpreter,after,12,394194459
property-only,3,interpreter,after,13,391562333
property-only,3,interpreter,after,14,392963791
property-only,3,interpreter,after,15,386972916
property-only,3,interpreter,after,16,411338666
property-only,3,interpreter,after,17,392733250
property-only,3,interpreter,after,18,392837167
property-only,3,interpreter,after,19,398241834
property-only,3,interpreter,after,20,393964917
property-only,3,template,before,1,178700875
property-only,3,template,before,2,178597167
property-only,3,template,before,3,179345000
property-only,3,template,before,4,179450958
property-only,3,template,before,5,178857791
property-only,3,template,before,6,178852083
property-only,3,template,before,7,178319042
property-only,3,template,before,8,178438166
property-only,3,template,before,9,179231916
property-only,3,template,before,10,181823833
property-only,3,template,before,11,189139833
property-only,3,template,before,12,178617500
property-only,3,template,before,13,178831041
property-only,3,template,before,14,184687667
property-only,3,template,before,15,179810958
property-only,3,template,before,16,179162458
property-only,3,template,before,17,179684875
property-only,3,template,before,18,178799333
property-only,3,template,before,19,178907375
property-only,3,template,before,20,178863417
property-only,3,template,after,1,142547458
property-only,3,template,after,2,141944959
property-only,3,template,after,3,141515459
property-only,3,template,after,4,142757750
property-only,3,template,after,5,142203041
property-only,3,template,after,6,142168792
property-only,3,template,after,7,142386875
property-only,3,template,after,8,141758916
property-only,3,template,after,9,141910209
property-only,3,template,after,10,143667708
property-only,3,template,after,11,142578708
property-only,3,template,after,12,141819791
property-only,3,template,after,13,143267709
property-only,3,template,after,14,144452542
property-only,3,template,after,15,150290500
property-only,3,template,after,16,144824250
property-only,3,template,after,17,146317917
property-only,3,template,after,18,141920125
property-only,3,template,after,19,141816542
property-only,3,template,after,20,142369834
property-only,3,production-tiered,before,1,223410667
property-only,3,production-tiered,before,2,230937958
property-only,3,production-tiered,before,3,222478083
property-only,3,production-tiered,before,4,221693542
property-only,3,production-tiered,before,5,222154667
property-only,3,production-tiered,before,6,221928250
property-only,3,production-tiered,before,7,222060250
property-only,3,production-tiered,before,8,221138208
property-only,3,production-tiered,before,9,221330083
property-only,3,production-tiered,before,10,221391791
property-only,3,production-tiered,before,11,256128083
property-only,3,production-tiered,before,12,223423292
property-only,3,production-tiered,before,13,222154792
property-only,3,production-tiered,before,14,222207625
property-only,3,production-tiered,before,15,221025250
property-only,3,production-tiered,before,16,221712084
property-only,3,production-tiered,before,17,221646666
property-only,3,production-tiered,before,18,221939375
property-only,3,production-tiered,before,19,221337708
property-only,3,production-tiered,before,20,221901667
property-only,3,production-tiered,after,1,176823584
property-only,3,production-tiered,after,2,178917209
property-only,3,production-tiered,after,3,177353083
property-only,3,production-tiered,after,4,176718833
property-only,3,production-tiered,after,5,176925125
property-only,3,production-tiered,after,6,181423500
property-only,3,production-tiered,after,7,180361250
property-only,3,production-tiered,after,8,190610458
property-only,3,production-tiered,after,9,202992458
property-only,3,production-tiered,after,10,177053833
property-only,3,production-tiered,after,11,177200292
property-only,3,production-tiered,after,12,176277750
property-only,3,production-tiered,after,13,176808250
property-only,3,production-tiered,after,14,178294791
property-only,3,production-tiered,after,15,177418833
property-only,3,production-tiered,after,16,177803916
property-only,3,production-tiered,after,17,176268917
property-only,3,production-tiered,after,18,177409500
property-only,3,production-tiered,after,19,188419708
property-only,3,production-tiered,after,20,185893625
closed,1,interpreter,before,1,402479917
closed,1,interpreter,before,2,395269334
closed,1,interpreter,before,3,393892583
closed,1,interpreter,before,4,394111083
closed,1,interpreter,before,5,393224167
closed,1,interpreter,before,6,393515125
closed,1,interpreter,before,7,397354875
closed,1,interpreter,before,8,386827208
closed,1,interpreter,before,9,393636375
closed,1,interpreter,before,10,411577291
closed,1,interpreter,before,11,399951750
closed,1,interpreter,before,12,394850667
closed,1,interpreter,before,13,400853417
closed,1,interpreter,before,14,394072291
closed,1,interpreter,before,15,388499917
closed,1,interpreter,before,16,394026417
closed,1,interpreter,before,17,394914833
closed,1,interpreter,before,18,393345291
closed,1,interpreter,before,19,393681875
closed,1,interpreter,before,20,392481917
closed,1,interpreter,after,1,367819833
closed,1,interpreter,after,2,366812541
closed,1,interpreter,after,3,367669250
closed,1,interpreter,after,4,367446917
closed,1,interpreter,after,5,365714583
closed,1,interpreter,after,6,369086000
closed,1,interpreter,after,7,365799833
closed,1,interpreter,after,8,363899792
closed,1,interpreter,after,9,383424375
closed,1,interpreter,after,10,372104208
closed,1,interpreter,after,11,366179292
closed,1,interpreter,after,12,366829333
closed,1,interpreter,after,13,367257542
closed,1,interpreter,after,14,367456375
closed,1,interpreter,after,15,362791500
closed,1,interpreter,after,16,366892250
closed,1,interpreter,after,17,366714292
closed,1,interpreter,after,18,367162000
closed,1,interpreter,after,19,365872000
closed,1,interpreter,after,20,368775750
closed,1,template,before,1,180869834
closed,1,template,before,2,180012792
closed,1,template,before,3,179932583
closed,1,template,before,4,180023125
closed,1,template,before,5,180688334
closed,1,template,before,6,181249792
closed,1,template,before,7,180586542
closed,1,template,before,8,179867125
closed,1,template,before,9,180269792
closed,1,template,before,10,180199500
closed,1,template,before,11,179451542
closed,1,template,before,12,180315833
closed,1,template,before,13,182661250
closed,1,template,before,14,180176625
closed,1,template,before,15,180333708
closed,1,template,before,16,180079000
closed,1,template,before,17,180452625
closed,1,template,before,18,181043541
closed,1,template,before,19,179529833
closed,1,template,before,20,182633458
closed,1,template,after,1,141458625
closed,1,template,after,2,141401292
closed,1,template,after,3,141790083
closed,1,template,after,4,141467459
closed,1,template,after,5,142668542
closed,1,template,after,6,141883542
closed,1,template,after,7,141670625
closed,1,template,after,8,143153000
closed,1,template,after,9,141856584
closed,1,template,after,10,141669500
closed,1,template,after,11,141424083
closed,1,template,after,12,141962375
closed,1,template,after,13,141475542
closed,1,template,after,14,141693875
closed,1,template,after,15,141417417
closed,1,template,after,16,141555667
closed,1,template,after,17,142074500
closed,1,template,after,18,142429792
closed,1,template,after,19,141740458
closed,1,template,after,20,141310833
closed,1,production-tiered,before,1,284219042
closed,1,production-tiered,before,2,264995042
closed,1,production-tiered,before,3,234021791
closed,1,production-tiered,before,4,221827750
closed,1,production-tiered,before,5,222251750
closed,1,production-tiered,before,6,221564834
closed,1,production-tiered,before,7,220847708
closed,1,production-tiered,before,8,223008375
closed,1,production-tiered,before,9,221019791
closed,1,production-tiered,before,10,221544917
closed,1,production-tiered,before,11,224011209
closed,1,production-tiered,before,12,221668042
closed,1,production-tiered,before,13,227510042
closed,1,production-tiered,before,14,221990000
closed,1,production-tiered,before,15,221703250
closed,1,production-tiered,before,16,226410000
closed,1,production-tiered,before,17,226566000
closed,1,production-tiered,before,18,221853417
closed,1,production-tiered,before,19,232282084
closed,1,production-tiered,before,20,223755584
closed,1,production-tiered,after,1,151639000
closed,1,production-tiered,after,2,151226459
closed,1,production-tiered,after,3,151717834
closed,1,production-tiered,after,4,151246167
closed,1,production-tiered,after,5,151384750
closed,1,production-tiered,after,6,151357708
closed,1,production-tiered,after,7,151623542
closed,1,production-tiered,after,8,151500458
closed,1,production-tiered,after,9,151245042
closed,1,production-tiered,after,10,150625833
closed,1,production-tiered,after,11,161892041
closed,1,production-tiered,after,12,151693000
closed,1,production-tiered,after,13,157977041
closed,1,production-tiered,after,14,151619375
closed,1,production-tiered,after,15,152280416
closed,1,production-tiered,after,16,151476208
closed,1,production-tiered,after,17,157771542
closed,1,production-tiered,after,18,151499917
closed,1,production-tiered,after,19,151361708
closed,1,production-tiered,after,20,151296083
closed,2,interpreter,before,1,396622750
closed,2,interpreter,before,2,396824875
closed,2,interpreter,before,3,392204167
closed,2,interpreter,before,4,391903917
closed,2,interpreter,before,5,401644500
closed,2,interpreter,before,6,391457500
closed,2,interpreter,before,7,393861583
closed,2,interpreter,before,8,387910625
closed,2,interpreter,before,9,392858542
closed,2,interpreter,before,10,391636083
closed,2,interpreter,before,11,393401417
closed,2,interpreter,before,12,393285833
closed,2,interpreter,before,13,394908500
closed,2,interpreter,before,14,392718041
closed,2,interpreter,before,15,385017958
closed,2,interpreter,before,16,391433459
closed,2,interpreter,before,17,394727167
closed,2,interpreter,before,18,394596125
closed,2,interpreter,before,19,403213667
closed,2,interpreter,before,20,398313750
closed,2,interpreter,after,1,365245000
closed,2,interpreter,after,2,364848833
closed,2,interpreter,after,3,374195917
closed,2,interpreter,after,4,365412375
closed,2,interpreter,after,5,366218875
closed,2,interpreter,after,6,372747750
closed,2,interpreter,after,7,366266583
closed,2,interpreter,after,8,358466666
closed,2,interpreter,after,9,364591625
closed,2,interpreter,after,10,363108334
closed,2,interpreter,after,11,361978000
closed,2,interpreter,after,12,364019125
closed,2,interpreter,after,13,367048708
closed,2,interpreter,after,14,364435708
closed,2,interpreter,after,15,365956791
closed,2,interpreter,after,16,364737333
closed,2,interpreter,after,17,371861583
closed,2,interpreter,after,18,364130583
closed,2,interpreter,after,19,363592125
closed,2,interpreter,after,20,368976167
closed,2,template,before,1,179205750
closed,2,template,before,2,186252375
closed,2,template,before,3,179539167
closed,2,template,before,4,179959834
closed,2,template,before,5,179682875
closed,2,template,before,6,182613375
closed,2,template,before,7,180613125
closed,2,template,before,8,178894042
closed,2,template,before,9,179171459
closed,2,template,before,10,179707125
closed,2,template,before,11,178958083
closed,2,template,before,12,180226209
closed,2,template,before,13,178861416
closed,2,template,before,14,178876916
closed,2,template,before,15,179074250
closed,2,template,before,16,179437208
closed,2,template,before,17,177800833
closed,2,template,before,18,179756625
closed,2,template,before,19,180003250
closed,2,template,before,20,183158666
closed,2,template,after,1,141718416
closed,2,template,after,2,141724125
closed,2,template,after,3,142088167
closed,2,template,after,4,141345958
closed,2,template,after,5,142212667
closed,2,template,after,6,146107250
closed,2,template,after,7,141427041
closed,2,template,after,8,141373125
closed,2,template,after,9,141629500
closed,2,template,after,10,142414792
closed,2,template,after,11,141048291
closed,2,template,after,12,141310417
closed,2,template,after,13,142569416
closed,2,template,after,14,142834791
closed,2,template,after,15,141301709
closed,2,template,after,16,142243042
closed,2,template,after,17,141735959
closed,2,template,after,18,141704417
closed,2,template,after,19,141393084
closed,2,template,after,20,141927708
closed,2,production-tiered,before,1,222344708
closed,2,production-tiered,before,2,221682709
closed,2,production-tiered,before,3,225456500
closed,2,production-tiered,before,4,224335667
closed,2,production-tiered,before,5,221405792
closed,2,production-tiered,before,6,221639500
closed,2,production-tiered,before,7,220960791
closed,2,production-tiered,before,8,221840250
closed,2,production-tiered,before,9,221877333
closed,2,production-tiered,before,10,221534125
closed,2,production-tiered,before,11,221639917
closed,2,production-tiered,before,12,221966334
closed,2,production-tiered,before,13,221658666
closed,2,production-tiered,before,14,221653458
closed,2,production-tiered,before,15,221506834
closed,2,production-tiered,before,16,221387917
closed,2,production-tiered,before,17,224226792
closed,2,production-tiered,before,18,229027375
closed,2,production-tiered,before,19,221426916
closed,2,production-tiered,before,20,221440167
closed,2,production-tiered,after,1,150855708
closed,2,production-tiered,after,2,152281334
closed,2,production-tiered,after,3,151190542
closed,2,production-tiered,after,4,150637916
closed,2,production-tiered,after,5,150932208
closed,2,production-tiered,after,6,155194750
closed,2,production-tiered,after,7,151582250
closed,2,production-tiered,after,8,150589959
closed,2,production-tiered,after,9,151042084
closed,2,production-tiered,after,10,150791959
closed,2,production-tiered,after,11,151741458
closed,2,production-tiered,after,12,150937958
closed,2,production-tiered,after,13,150963791
closed,2,production-tiered,after,14,150770333
closed,2,production-tiered,after,15,150930875
closed,2,production-tiered,after,16,151138833
closed,2,production-tiered,after,17,152136750
closed,2,production-tiered,after,18,150717417
closed,2,production-tiered,after,19,151073083
closed,2,production-tiered,after,20,150819084
closed,3,interpreter,before,1,393127083
closed,3,interpreter,before,2,392832583
closed,3,interpreter,before,3,402437250
closed,3,interpreter,before,4,394083750
closed,3,interpreter,before,5,391998917
closed,3,interpreter,before,6,392224917
closed,3,interpreter,before,7,403156375
closed,3,interpreter,before,8,391095542
closed,3,interpreter,before,9,393358000
closed,3,interpreter,before,10,491144208
closed,3,interpreter,before,11,393160708
closed,3,interpreter,before,12,404174750
closed,3,interpreter,before,13,396693500
closed,3,interpreter,before,14,396011667
closed,3,interpreter,before,15,388092834
closed,3,interpreter,before,16,397753958
closed,3,interpreter,before,17,400384375
closed,3,interpreter,before,18,397823458
closed,3,interpreter,before,19,391113125
closed,3,interpreter,before,20,398418083
closed,3,interpreter,after,1,379606708
closed,3,interpreter,after,2,383375750
closed,3,interpreter,after,3,370494292
closed,3,interpreter,after,4,377085333
closed,3,interpreter,after,5,377008459
closed,3,interpreter,after,6,375819833
closed,3,interpreter,after,7,391565208
closed,3,interpreter,after,8,371876791
closed,3,interpreter,after,9,379330917
closed,3,interpreter,after,10,489844417
closed,3,interpreter,after,11,370768292
closed,3,interpreter,after,12,369684791
closed,3,interpreter,after,13,368806958
closed,3,interpreter,after,14,370885625
closed,3,interpreter,after,15,382107208
closed,3,interpreter,after,16,369597792
closed,3,interpreter,after,17,374024500
closed,3,interpreter,after,18,369261291
closed,3,interpreter,after,19,371249834
closed,3,interpreter,after,20,369587625
closed,3,template,before,1,179045959
closed,3,template,before,2,180409334
closed,3,template,before,3,178863416
closed,3,template,before,4,179247083
closed,3,template,before,5,179491709
closed,3,template,before,6,178810208
closed,3,template,before,7,179081833
closed,3,template,before,8,180645459
closed,3,template,before,9,192522584
closed,3,template,before,10,179323083
closed,3,template,before,11,181861875
closed,3,template,before,12,179158625
closed,3,template,before,13,179978416
closed,3,template,before,14,179286542
closed,3,template,before,15,178868334
closed,3,template,before,16,178210584
closed,3,template,before,17,179045042
closed,3,template,before,18,179222125
closed,3,template,before,19,179099750
closed,3,template,before,20,178677625
closed,3,template,after,1,141792250
closed,3,template,after,2,141394125
closed,3,template,after,3,141753875
closed,3,template,after,4,141272042
closed,3,template,after,5,140976625
closed,3,template,after,6,141616792
closed,3,template,after,7,141795083
closed,3,template,after,8,141746250
closed,3,template,after,9,141006167
closed,3,template,after,10,143755625
closed,3,template,after,11,143034875
closed,3,template,after,12,149823917
closed,3,template,after,13,155098958
closed,3,template,after,14,141727625
closed,3,template,after,15,141519292
closed,3,template,after,16,141775583
closed,3,template,after,17,141531000
closed,3,template,after,18,141679292
closed,3,template,after,19,141068375
closed,3,template,after,20,141236500
closed,3,production-tiered,before,1,221862291
closed,3,production-tiered,before,2,222719500
closed,3,production-tiered,before,3,221311666
closed,3,production-tiered,before,4,222208250
closed,3,production-tiered,before,5,223357458
closed,3,production-tiered,before,6,222173375
closed,3,production-tiered,before,7,223211000
closed,3,production-tiered,before,8,223834875
closed,3,production-tiered,before,9,239882667
closed,3,production-tiered,before,10,225868459
closed,3,production-tiered,before,11,223517500
closed,3,production-tiered,before,12,222740709
closed,3,production-tiered,before,13,221014291
closed,3,production-tiered,before,14,221073709
closed,3,production-tiered,before,15,222446958
closed,3,production-tiered,before,16,222602459
closed,3,production-tiered,before,17,221453250
closed,3,production-tiered,before,18,222684625
closed,3,production-tiered,before,19,222325250
closed,3,production-tiered,before,20,222958042
closed,3,production-tiered,after,1,151363125
closed,3,production-tiered,after,2,151449000
closed,3,production-tiered,after,3,153434917
closed,3,production-tiered,after,4,150817209
closed,3,production-tiered,after,5,153220875
closed,3,production-tiered,after,6,155104667
closed,3,production-tiered,after,7,152905458
closed,3,production-tiered,after,8,159964750
closed,3,production-tiered,after,9,157198208
closed,3,production-tiered,after,10,151707167
closed,3,production-tiered,after,11,150696083
closed,3,production-tiered,after,12,152375333
closed,3,production-tiered,after,13,151679334
closed,3,production-tiered,after,14,150736542
closed,3,production-tiered,after,15,152459167
closed,3,production-tiered,after,16,151868834
closed,3,production-tiered,after,17,151401125
closed,3,production-tiered,after,18,150867000
closed,3,production-tiered,after,19,151489542
closed,3,production-tiered,after,20,151317958
isolation,1,interpreter,old,1,397552000
isolation,1,interpreter,old,2,392181041
isolation,1,interpreter,old,3,392134500
isolation,1,interpreter,old,4,391988833
isolation,1,interpreter,old,5,393795584
isolation,1,interpreter,old,6,392181334
isolation,1,interpreter,old,7,395230041
isolation,1,interpreter,old,8,402539083
isolation,1,interpreter,old,9,393369792
isolation,1,interpreter,old,10,395640584
isolation,1,interpreter,old,11,391732167
isolation,1,interpreter,old,12,391956292
isolation,1,interpreter,old,13,391372917
isolation,1,interpreter,old,14,391850958
isolation,1,interpreter,old,15,388478500
isolation,1,interpreter,old,16,391870291
isolation,1,interpreter,old,17,391954500
isolation,1,interpreter,old,18,391364542
isolation,1,interpreter,old,19,390899208
isolation,1,interpreter,old,20,392813584
isolation,2,interpreter,before,1,536314792
isolation,2,interpreter,before,2,519590709
isolation,2,interpreter,before,3,615845083
isolation,2,interpreter,before,4,572466416
isolation,2,interpreter,before,5,521398708
isolation,2,interpreter,before,6,390375625
isolation,2,interpreter,before,7,384534042
isolation,2,interpreter,before,8,381987834
isolation,2,interpreter,before,9,386333709
isolation,2,interpreter,before,10,386365917
isolation,2,interpreter,before,11,384948000
isolation,2,interpreter,before,12,485668708
isolation,2,interpreter,before,13,386567083
isolation,2,interpreter,before,14,398042750
isolation,2,interpreter,before,15,381955416
isolation,2,interpreter,before,16,401516666
isolation,2,interpreter,before,17,385351583
isolation,2,interpreter,before,18,386319333
isolation,2,interpreter,before,19,386896541
isolation,2,interpreter,before,20,386610833
isolation,3,interpreter,after,1,399822083
isolation,3,interpreter,after,2,386947250
isolation,3,interpreter,after,3,389703375
isolation,3,interpreter,after,4,389525250
isolation,3,interpreter,after,5,389476792
isolation,3,interpreter,after,6,390005875
isolation,3,interpreter,after,7,397490042
isolation,3,interpreter,after,8,383680417
isolation,3,interpreter,after,9,390323083
isolation,3,interpreter,after,10,388471708
isolation,3,interpreter,after,11,394486625
isolation,3,interpreter,after,12,388679500
isolation,3,interpreter,after,13,388839917
isolation,3,interpreter,after,14,405086500
isolation,3,interpreter,after,15,384247084
isolation,3,interpreter,after,16,390425292
isolation,3,interpreter,after,17,388357334
isolation,3,interpreter,after,18,388551666
isolation,3,interpreter,after,19,388340166
isolation,3,interpreter,after,20,389925000
isolation,4,interpreter,after,1,391058292
isolation,4,interpreter,after,2,392541083
isolation,4,interpreter,after,3,392415125
isolation,4,interpreter,after,4,392994542
isolation,4,interpreter,after,5,393103750
isolation,4,interpreter,after,6,389624166
isolation,4,interpreter,after,7,408880333
isolation,4,interpreter,after,8,386693750
isolation,4,interpreter,after,9,390097917
isolation,4,interpreter,after,10,413910791
isolation,4,interpreter,after,11,398826875
isolation,4,interpreter,after,12,403655458
isolation,4,interpreter,after,13,393228875
isolation,4,interpreter,after,14,391629709
isolation,4,interpreter,after,15,387698000
isolation,4,interpreter,after,16,392013000
isolation,4,interpreter,after,17,393568792
isolation,4,interpreter,after,18,393908792
isolation,4,interpreter,after,19,393272333
isolation,4,interpreter,after,20,404971917
isolation,5,interpreter,before,1,386078958
isolation,5,interpreter,before,2,386667792
isolation,5,interpreter,before,3,393070209
isolation,5,interpreter,before,4,386241333
isolation,5,interpreter,before,5,386421125
isolation,5,interpreter,before,6,388500667
isolation,5,interpreter,before,7,388385667
isolation,5,interpreter,before,8,380059208
isolation,5,interpreter,before,9,483915750
isolation,5,interpreter,before,10,402615459
isolation,5,interpreter,before,11,385931542
isolation,5,interpreter,before,12,391323250
isolation,5,interpreter,before,13,387129000
isolation,5,interpreter,before,14,387434292
isolation,5,interpreter,before,15,383032542
isolation,5,interpreter,before,16,393818208
isolation,5,interpreter,before,17,386057959
isolation,5,interpreter,before,18,387055917
isolation,5,interpreter,before,19,389313667
isolation,5,interpreter,before,20,387816416
isolation,6,interpreter,old,1,398305417
isolation,6,interpreter,old,2,395096334
isolation,6,interpreter,old,3,394295292
isolation,6,interpreter,old,4,396597291
isolation,6,interpreter,old,5,400097917
isolation,6,interpreter,old,6,404458667
isolation,6,interpreter,old,7,408176833
isolation,6,interpreter,old,8,405141250
isolation,6,interpreter,old,9,393914792
isolation,6,interpreter,old,10,395472000
isolation,6,interpreter,old,11,395170209
isolation,6,interpreter,old,12,401263875
isolation,6,interpreter,old,13,396282583
isolation,6,interpreter,old,14,395362958
isolation,6,interpreter,old,15,390632750
isolation,6,interpreter,old,16,393527667
isolation,6,interpreter,old,17,396910792
isolation,6,interpreter,old,18,396063416
isolation,6,interpreter,old,19,397514417
isolation,6,interpreter,old,20,395106042
flat-pilot,1,interpreter,before,1,404811917
flat-pilot,1,interpreter,before,2,397759833
flat-pilot,1,interpreter,before,3,400387791
flat-pilot,1,interpreter,before,4,400071792
flat-pilot,1,interpreter,before,5,399318500
flat-pilot,1,interpreter,before,6,401327166
flat-pilot,1,interpreter,before,7,407801583
flat-pilot,1,interpreter,before,8,395320500
flat-pilot,1,interpreter,before,9,428551959
flat-pilot,1,interpreter,before,10,399777000
flat-pilot,1,interpreter,before,11,400227958
flat-pilot,1,interpreter,before,12,405583833
flat-pilot,1,interpreter,before,13,399997042
flat-pilot,1,interpreter,before,14,398680083
flat-pilot,1,interpreter,before,15,394635792
flat-pilot,1,interpreter,before,16,398999167
flat-pilot,1,interpreter,before,17,399164417
flat-pilot,1,interpreter,before,18,400253625
flat-pilot,1,interpreter,before,19,400803500
flat-pilot,1,interpreter,before,20,402117541
flat-pilot,1,template,before,1,178699292
flat-pilot,1,template,before,2,178408417
flat-pilot,1,template,before,3,178295708
flat-pilot,1,template,before,4,178440458
flat-pilot,1,template,before,5,178471000
flat-pilot,1,template,before,6,178146875
flat-pilot,1,template,before,7,277200584
flat-pilot,1,template,before,8,179311667
flat-pilot,1,template,before,9,177967042
flat-pilot,1,template,before,10,178712000
flat-pilot,1,template,before,11,178923083
flat-pilot,1,template,before,12,185251125
flat-pilot,1,template,before,13,177763458
flat-pilot,1,template,before,14,178672292
flat-pilot,1,template,before,15,180213458
flat-pilot,1,template,before,16,183517583
flat-pilot,1,template,before,17,179605250
flat-pilot,1,template,before,18,178914375
flat-pilot,1,template,before,19,179245750
flat-pilot,1,template,before,20,183906333
flat-pilot,1,production-tiered,before,1,221310500
flat-pilot,1,production-tiered,before,2,223178208
flat-pilot,1,production-tiered,before,3,222084750
flat-pilot,1,production-tiered,before,4,222046250
flat-pilot,1,production-tiered,before,5,222566042
flat-pilot,1,production-tiered,before,6,222787208
flat-pilot,1,production-tiered,before,7,221596750
flat-pilot,1,production-tiered,before,8,224045583
flat-pilot,1,production-tiered,before,9,223548166
flat-pilot,1,production-tiered,before,10,223045833
flat-pilot,1,production-tiered,before,11,222079208
flat-pilot,1,production-tiered,before,12,225370458
flat-pilot,1,production-tiered,before,13,228659917
flat-pilot,1,production-tiered,before,14,222941208
flat-pilot,1,production-tiered,before,15,223029833
flat-pilot,1,production-tiered,before,16,221679791
flat-pilot,1,production-tiered,before,17,223623958
flat-pilot,1,production-tiered,before,18,272377541
flat-pilot,1,production-tiered,before,19,244634125
flat-pilot,1,production-tiered,before,20,272791167
flat-pilot,1,interpreter,after,1,371671750
flat-pilot,1,interpreter,after,2,388278917
flat-pilot,1,interpreter,after,3,373983584
flat-pilot,1,interpreter,after,4,371470500
flat-pilot,1,interpreter,after,5,373158333
flat-pilot,1,interpreter,after,6,370837250
flat-pilot,1,interpreter,after,7,374860417
flat-pilot,1,interpreter,after,8,366375125
flat-pilot,1,interpreter,after,9,378497583
flat-pilot,1,interpreter,after,10,380468958
flat-pilot,1,interpreter,after,11,383319958
flat-pilot,1,interpreter,after,12,386307625
flat-pilot,1,interpreter,after,13,375990084
flat-pilot,1,interpreter,after,14,373326500
flat-pilot,1,interpreter,after,15,385095833
flat-pilot,1,interpreter,after,16,387388875
flat-pilot,1,interpreter,after,17,369425000
flat-pilot,1,interpreter,after,18,370882458
flat-pilot,1,interpreter,after,19,372676083
flat-pilot,1,interpreter,after,20,373435125
flat-pilot,1,template,after,1,142280583
flat-pilot,1,template,after,2,270679750
flat-pilot,1,template,after,3,144069375
flat-pilot,1,template,after,4,141421916
flat-pilot,1,template,after,5,141706500
flat-pilot,1,template,after,6,143861041
flat-pilot,1,template,after,7,142018791
flat-pilot,1,template,after,8,141810000
flat-pilot,1,template,after,9,142464625
flat-pilot,1,template,after,10,141497625
flat-pilot,1,template,after,11,142079459
flat-pilot,1,template,after,12,143946292
flat-pilot,1,template,after,13,145339750
flat-pilot,1,template,after,14,141944000
flat-pilot,1,template,after,15,149116500
flat-pilot,1,template,after,16,147603500
flat-pilot,1,template,after,17,142178792
flat-pilot,1,template,after,18,141413292
flat-pilot,1,template,after,19,143823125
flat-pilot,1,template,after,20,142276333
flat-pilot,1,production-tiered,after,1,150758375
flat-pilot,1,production-tiered,after,2,150223083
flat-pilot,1,production-tiered,after,3,151737875
flat-pilot,1,production-tiered,after,4,150854541
flat-pilot,1,production-tiered,after,5,156495709
flat-pilot,1,production-tiered,after,6,151318125
flat-pilot,1,production-tiered,after,7,151163875
flat-pilot,1,production-tiered,after,8,150969166
flat-pilot,1,production-tiered,after,9,150517041
flat-pilot,1,production-tiered,after,10,151044625
flat-pilot,1,production-tiered,after,11,151250334
flat-pilot,1,production-tiered,after,12,150817417
flat-pilot,1,production-tiered,after,13,151744167
flat-pilot,1,production-tiered,after,14,150667834
flat-pilot,1,production-tiered,after,15,151007041
flat-pilot,1,production-tiered,after,16,150623083
flat-pilot,1,production-tiered,after,17,151794875
flat-pilot,1,production-tiered,after,18,150667916
flat-pilot,1,production-tiered,after,19,150541417
flat-pilot,1,production-tiered,after,20,153223875
